상품명,실제_분야,예측_분야
American Hagwon,문학,소설
인플레이션은 누구를 부자로 만드는가,경제/경영,소설
[비욘드오리진] ABC착즙액 (50ml*20포),홈/라이프,소설
오가미 츠미키와 기일상 8,만화,소설
"흔들리는 나에게, 고전이 말했다",자기계발,소설
아주 작은 습관의 힘(50만 부 기념 스페셜 에디션),자기계발,소설
미움받을 용기(200만 부 기념 스페셜 에디션),인문,소설
어린이 스도쿠: 학교 괴담,어린이(초등),소설
내 인생이 왜 당신 마음에 들어야 합니까,인문,소설
소원 요정 춘식이 with 라이언 8: 우리 팀 이겨라!,어린이(초등),소설
싫어하는 사람을 사라지게 하는 방법,시/에세이,소설
칵테일을 마시는 철학자들,인문,소설
기억 전달자,청소년,소설
단절(들),인문,소설
스티커,청소년,소설
비마이펫 멍냥아이돌 (상),어린이(초등),소설
프린세스 캐치! 티니핑 마음을 가꾸는 동화 10: 다시 열린 프린세스 회담,유아(0~7세),소설
주술회전 26: 남쪽으로,만화,소설
"AI, 신의 탄생 인간의 종말",경제/경영,소설
설득의 심리학 1(20주년 기념 개정증보판),자기계발,소설
클로드 코드 제대로 시작하기,컴퓨터/IT,소설
다시 쓰는 나의 이력서,경제/경영,소설
바리데기,어린이(초등),소설
주술회전 모듈로 1: 특급 사안,만화,소설
어떻게 살아낼 것인가,자기계발,소설
읽으면서 바로 써먹는 어린이 보물섬 1: 사회·지리편,어린이(초등),소설
창조적 행위: 존재의 방식,예술/대중문화,소설
어른의 독서,자기계발,소설
당신의 세계는 아직도 바다와 빗소리와 작약을 취급하는지,시/에세이,소설
The Scent of Page : 디퓨저 300ML,책향,소설
마법천자문 72 : 모든 게 무너져 내리다! 붕괴崩壞,어린이(초등),소설
일본 광고 카피 도감,시/에세이,어린이(초등)
꽃을 보듯 너를 본다(100만 부 기념 에디션)(리커버:K),시/에세이,소설
한능검 한정판,인문,소설
은둔,종교,소설
옥스브리지의 철학 수업,인문,소설
대한민국 부의 감각,경제/경영,소설
사춘기 아이와 대화하는 법은 따로 있습니다,가정/육아,인문
진짜 쓰는 실무 엑셀,컴퓨터/IT,소설
빨간내복야코 괴수대백과 1,어린이(초등),소설
일 마키아벨리,인문,소설
침투율의 법칙,경제/경영,소설
한번 시작하면 잠들 수 없는 세계사(미드나잇 블루 에디션),역사/문화,소설
푸른 사자 와니니 10: 초원으로 가는 길,어린이(초등),소설
나무 찾아 삼만 리,시/에세이,소설
만능문장으로 끝내는 토익스피킹 시계토끼 올인원 기본서 7일 완성,외국어,취업/수험서
"도파민 과잉 시대, 당신의 뇌가 무너진다",과학,소설
칼 융의 내면수업,인문,소설
2025 시원스쿨 토익 기출유형 모의고사 3회분,외국어,취업/수험서
디스 이즈 미국 동부(2026~2027),여행,취업/수험서
삶은 그대에게 잘해줄 의무가 없다,자기계발,소설
시험 문해력 잡는 어휘 사전,청소년,소설
누군가를 이토록 사랑한 적,시/에세이,소설
암호 추리 퍼즐 144,취미/실용/스포츠,소설
해커스 보카(Hackers Vocabulary),외국어,취업/수험서
모두가 자신의 믿음 없음과 싸우고 있다,종교,소설
읽으면서 바로 써먹는 어린이 낱말퍼즐,어린이(초등),소설
김동희 세계관 호기심 환장 RPG,어린이(초등),소설
불안(리커버:K),시/에세이,소설
죽음의 수용소에서,시/에세이,소설
판매의 법칙,경제/경영,소설
언니의 미도리 군 10(특장판),만화,소설
사카모토 데이즈 27: 자긍심,만화,소설
나는 도대체 왜 눈치를 볼까,자기계발,소설
자유민주주의에 무슨 일이 일어났는가?,정치/사회,소설
잘 자고 잘 먹는 아기의 시간표,가정/육아,소설
도시는 무엇으로 사는가(10주년 기념판),인문,소설
뇌가 멈추기 전에,건강,소설
월든(완결판),시/에세이,소설
코스모스(100만부 기념판),과학,소설
나의 투자술,경제/경영,소설
기술노트,컴퓨터/IT,소설
총 균 쇠,역사/문화,소설
교보문고 리딩백S,교보문고 굿즈,소설
10대를 위한 JUSTICE 정의란 무엇인가,어린이(초등),인문
만화로 보는 3분 철학 세트,인문,소설
단 한 번의 삶(강물에디션 활판인쇄 한정판),시/에세이,소설
사랑이라 부르기엔 소박하지만 1,만화,소설
고양이 해결사 깜냥 1: 아파트의 평화를 지켜라!,어린이(초등),소설
당신과 내가 대화할 수 있을까,인문,소설
무염·저염 하나로 끝내는 베이스 유아식,요리,소설
조용히 해내는 사람,시/에세이,소설
"넥스트 엔비디아, 투자의 미래",경제/경영,소설
데일 카네기 인간관계론(50만부 돌파 초판 무삭제 완역본),자기계발,인문
싸모스 쌈벤저스 1,어린이(초등),소설
백년허리 1: 진단편,건강,소설
너는 원래 괜찮은 사람이야,청소년,소설
사랑이라 부르기엔 소박하지만 1(특별판),만화,소설
에듀윌 현대자동차 모빌리티 기술인력 생산직 한권끝장,취업/수험서,인문
공정하다는 착각,인문,소설
유대인의 상술,자기계발,소설
죽이고 싶은 아이,청소년,소설
돈,경제/경영,소설
마루는 강쥐 9(완결),만화,소설
사랑해 사랑해 사랑해(출간 15주년 기념판),유아(0~7세),소설
담론,인문,소설
똑똑한 사람은 어떻게 말하는가,자기계발,소설
어린이 과학동아 18호 (2026년 9월 15일),잡지,소설
주나돈2,경제/경영,소설
사업의 철학(10주년 기념판),경제/경영,소설
"우리들의 마흔, 당신의 마흔",시/에세이,소설
PD가 묻고 운명이 답하다,자기계발,소설
유미의 세포들 담요,교보문고 굿즈,소설
행복,시/에세이,소설
"팀 켈러, 죄를 말하다(한정판)",종교,소설
나는 오래된 거리처럼 너를 사랑하고,시/에세이,소설
The Scent of Page : 차량용 방향제 리필,책향,소설
멘헤라를 위한 책,시/에세이,소설
