order_item_id,order_id,product_id,quantity,unit_price,line_total,customer_id,order_date,order_status,payment_method,product_name,category,gender,age,city,order_month
1,1,100,3,102000,306000,123,2026-07-10,completed,card,도서 상품 100,도서,M,20,서울,2026-07
2,1,87,5,25000,125000,123,2026-07-10,completed,card,도서 상품 087,도서,M,20,서울,2026-07
3,1,7,3,142000,426000,123,2026-07-10,completed,card,도서 상품 007,도서,M,20,서울,2026-07
4,1,9,3,193000,579000,123,2026-07-10,completed,card,스포츠 상품 009,스포츠,M,20,서울,2026-07
5,2,72,4,189000,756000,77,2025-09-25,cancelled,naver_pay,뷰티 상품 072,뷰티,M,64,서울,2025-09
6,3,33,5,124000,620000,138,2026-01-22,cancelled,bank_transfer,패션 상품 033,패션,F,35,대구,2026-01
7,3,20,3,80000,240000,138,2026-01-22,cancelled,bank_transfer,스포츠 상품 020,스포츠,F,35,대구,2026-01
8,3,11,5,115000,575000,138,2026-01-22,cancelled,bank_transfer,패션 상품 011,패션,F,35,대구,2026-01
9,4,45,3,62000,186000,57,2026-04-04,cancelled,kakao_pay,패션 상품 045,패션,F,23,수원,2026-04
10,4,84,4,78000,312000,57,2026-04-04,cancelled,kakao_pay,스포츠 상품 084,스포츠,F,23,수원,2026-04
11,5,77,1,71000,71000,125,2026-02-23,cancelled,card,전자기기 상품 077,전자기기,M,28,수원,2026-02
12,5,40,5,174000,870000,125,2026-02-23,cancelled,card,도서 상품 040,도서,M,28,수원,2026-02
13,6,83,3,24000,72000,87,2026-05-24,completed,naver_pay,전자기기 상품 083,전자기기,M,31,울산,2026-05
14,6,17,5,84000,420000,87,2026-05-24,completed,naver_pay,도서 상품 017,도서,M,31,울산,2026-05
15,6,12,4,175000,700000,87,2026-05-24,completed,naver_pay,식품 상품 012,식품,M,31,울산,2026-05
16,6,66,3,39000,117000,87,2026-05-24,completed,naver_pay,전자기기 상품 066,전자기기,M,31,울산,2026-05
17,7,47,3,11000,33000,120,2026-01-31,refunded,bank_transfer,생활용품 상품 047,생활용품,F,61,광주,2026-01
18,8,28,3,5000,15000,137,2025-10-06,cancelled,card,뷰티 상품 028,뷰티,M,68,울산,2025-10
19,8,99,4,200000,800000,137,2025-10-06,cancelled,card,뷰티 상품 099,뷰티,M,68,울산,2025-10
20,9,29,2,78000,156000,145,2026-03-25,completed,card,패션 상품 029,패션,M,59,성남,2026-03
21,9,20,1,80000,80000,145,2026-03-25,completed,card,스포츠 상품 020,스포츠,M,59,성남,2026-03
22,10,13,5,164000,820000,110,2026-05-19,cancelled,bank_transfer,패션 상품 013,패션,F,40,부산,2026-05
23,10,99,5,200000,1000000,110,2026-05-19,cancelled,bank_transfer,뷰티 상품 099,뷰티,F,40,부산,2026-05
24,10,95,5,20000,100000,110,2026-05-19,cancelled,bank_transfer,전자기기 상품 095,전자기기,F,40,부산,2026-05
25,11,85,3,74000,222000,47,2026-01-20,completed,card,생활용품 상품 085,생활용품,F,36,울산,2026-01
26,12,77,4,71000,284000,98,2025-09-14,completed,kakao_pay,전자기기 상품 077,전자기기,F,61,인천,2025-09
27,12,20,2,80000,160000,98,2025-09-14,completed,kakao_pay,스포츠 상품 020,스포츠,F,61,인천,2025-09
28,13,89,5,103000,515000,117,2026-08-05,completed,kakao_pay,생활용품 상품 089,생활용품,F,65,성남,2026-08
29,13,22,4,112000,448000,117,2026-08-05,completed,kakao_pay,생활용품 상품 022,생활용품,F,65,성남,2026-08
30,14,53,3,188000,564000,98,2026-02-20,cancelled,kakao_pay,생활용품 상품 053,생활용품,F,61,인천,2026-02
31,15,57,5,181000,905000,65,2026-07-26,cancelled,card,스포츠 상품 057,스포츠,F,33,인천,2026-07
32,15,37,4,193000,772000,65,2026-07-26,cancelled,card,뷰티 상품 037,뷰티,F,33,인천,2026-07
33,16,69,2,157000,314000,5,2026-03-19,completed,card,도서 상품 069,도서,F,19,부산,2026-03
34,16,40,4,174000,696000,5,2026-03-19,completed,card,도서 상품 040,도서,F,19,부산,2026-03
35,17,48,5,67000,335000,58,2025-10-20,completed,card,식품 상품 048,식품,F,66,성남,2025-10
36,17,57,4,181000,724000,58,2025-10-20,completed,card,스포츠 상품 057,스포츠,F,66,성남,2025-10
37,18,100,4,102000,408000,8,2026-02-25,completed,bank_transfer,도서 상품 100,도서,M,32,수원,2026-02
38,18,65,5,36000,180000,8,2026-02-25,completed,bank_transfer,생활용품 상품 065,생활용품,M,32,수원,2026-02
39,18,54,2,103000,206000,8,2026-02-25,completed,bank_transfer,스포츠 상품 054,스포츠,M,32,수원,2026-02
40,19,78,2,68000,136000,6,2026-01-28,completed,bank_transfer,뷰티 상품 078,뷰티,F,32,성남,2026-01
41,19,33,1,124000,124000,6,2026-01-28,completed,bank_transfer,패션 상품 033,패션,F,32,성남,2026-01
42,20,48,5,67000,335000,33,2026-05-14,completed,naver_pay,식품 상품 048,식품,M,31,수원,2026-05
43,20,14,5,174000,870000,33,2026-05-14,completed,naver_pay,패션 상품 014,패션,M,31,수원,2026-05
44,20,16,3,81000,243000,33,2026-05-14,completed,naver_pay,스포츠 상품 016,스포츠,M,31,수원,2026-05
45,20,11,2,115000,230000,33,2026-05-14,completed,naver_pay,패션 상품 011,패션,M,31,수원,2026-05
46,21,58,5,197000,985000,145,2026-08-22,cancelled,bank_transfer,식품 상품 058,식품,M,59,성남,2026-08
47,21,19,4,108000,432000,145,2026-08-22,cancelled,bank_transfer,패션 상품 019,패션,M,59,성남,2026-08
48,21,12,2,175000,350000,145,2026-08-22,cancelled,bank_transfer,식품 상품 012,식품,M,59,성남,2026-08
49,22,45,1,62000,62000,66,2026-07-28,completed,kakao_pay,패션 상품 045,패션,F,39,서울,2026-07
50,22,54,1,103000,103000,66,2026-07-28,completed,kakao_pay,스포츠 상품 054,스포츠,F,39,서울,2026-07
51,22,51,5,111000,555000,66,2026-07-28,completed,kakao_pay,전자기기 상품 051,전자기기,F,39,서울,2026-07
52,22,48,2,67000,134000,66,2026-07-28,completed,kakao_pay,식품 상품 048,식품,F,39,서울,2026-07
53,23,11,3,115000,345000,30,2026-03-07,completed,bank_transfer,패션 상품 011,패션,F,32,서울,2026-03
54,23,29,1,78000,78000,30,2026-03-07,completed,bank_transfer,패션 상품 029,패션,F,32,서울,2026-03
55,23,41,1,163000,163000,30,2026-03-07,completed,bank_transfer,스포츠 상품 041,스포츠,F,32,서울,2026-03
56,23,92,3,111000,333000,30,2026-03-07,completed,bank_transfer,식품 상품 092,식품,F,32,서울,2026-03
57,24,18,1,109000,109000,28,2026-06-11,completed,card,스포츠 상품 018,스포츠,M,35,성남,2026-06
58,24,37,4,193000,772000,28,2026-06-11,completed,card,뷰티 상품 037,뷰티,M,35,성남,2026-06
59,25,98,4,10000,40000,148,2025-11-08,cancelled,naver_pay,스포츠 상품 098,스포츠,M,29,고양,2025-11
60,25,58,5,197000,985000,148,2025-11-08,cancelled,naver_pay,식품 상품 058,식품,M,29,고양,2025-11
61,26,11,1,115000,115000,51,2026-02-26,refunded,card,패션 상품 011,패션,F,27,대전,2026-02
62,27,28,2,5000,10000,63,2025-11-17,completed,card,뷰티 상품 028,뷰티,M,60,대전,2025-11
63,27,71,5,161000,805000,63,2025-11-17,completed,card,전자기기 상품 071,전자기기,M,60,대전,2025-11
64,27,68,4,140000,560000,63,2025-11-17,completed,card,스포츠 상품 068,스포츠,M,60,대전,2025-11
65,28,100,3,102000,306000,31,2026-06-21,completed,card,도서 상품 100,도서,M,43,광주,2026-06
66,29,39,1,77000,77000,137,2026-03-31,completed,naver_pay,식품 상품 039,식품,M,68,울산,2026-03
67,29,7,2,142000,284000,137,2026-03-31,completed,naver_pay,도서 상품 007,도서,M,68,울산,2026-03
68,30,82,5,75000,375000,18,2026-05-20,completed,kakao_pay,생활용품 상품 082,생활용품,M,58,고양,2026-05
69,30,59,1,32000,32000,18,2026-05-20,completed,kakao_pay,뷰티 상품 059,뷰티,M,58,고양,2026-05
70,30,15,4,36000,144000,18,2026-05-20,completed,kakao_pay,뷰티 상품 015,뷰티,M,58,고양,2026-05
71,30,77,5,71000,355000,18,2026-05-20,completed,kakao_pay,전자기기 상품 077,전자기기,M,58,고양,2026-05
72,31,81,5,165000,825000,108,2025-12-23,completed,naver_pay,전자기기 상품 081,전자기기,F,22,성남,2025-12
73,32,92,2,111000,222000,111,2026-05-07,cancelled,kakao_pay,식품 상품 092,식품,F,41,광주,2026-05
74,32,38,4,173000,692000,111,2026-05-07,cancelled,kakao_pay,생활용품 상품 038,생활용품,F,41,광주,2026-05
75,33,79,3,168000,504000,40,2026-07-20,completed,naver_pay,뷰티 상품 079,뷰티,M,23,서울,2026-07
76,34,74,4,145000,580000,134,2026-09-02,refunded,kakao_pay,뷰티 상품 074,뷰티,M,57,대구,2026-09
77,34,24,1,196000,196000,134,2026-09-02,refunded,kakao_pay,스포츠 상품 024,스포츠,M,57,대구,2026-09
78,35,9,5,193000,965000,138,2026-04-07,cancelled,naver_pay,스포츠 상품 009,스포츠,F,35,대구,2026-04
79,35,70,5,198000,990000,138,2026-04-07,cancelled,naver_pay,패션 상품 070,패션,F,35,대구,2026-04
80,35,65,5,36000,180000,138,2026-04-07,cancelled,naver_pay,생활용품 상품 065,생활용품,F,35,대구,2026-04
81,36,50,4,23000,92000,112,2026-07-07,completed,kakao_pay,뷰티 상품 050,뷰티,F,46,성남,2026-07
82,37,82,4,75000,300000,63,2026-03-16,completed,card,생활용품 상품 082,생활용품,M,60,대전,2026-03
83,38,33,1,124000,124000,116,2026-03-09,cancelled,bank_transfer,패션 상품 033,패션,F,34,부산,2026-03
84,38,46,1,55000,55000,116,2026-03-09,cancelled,bank_transfer,뷰티 상품 046,뷰티,F,34,부산,2026-03
85,38,45,2,62000,124000,116,2026-03-09,cancelled,bank_transfer,패션 상품 045,패션,F,34,부산,2026-03
86,39,99,5,200000,1000000,146,2026-02-26,completed,naver_pay,뷰티 상품 099,뷰티,M,61,성남,2026-02
87,40,18,1,109000,109000,8,2026-07-27,completed,naver_pay,스포츠 상품 018,스포츠,M,32,수원,2026-07
88,40,46,5,55000,275000,8,2026-07-27,completed,naver_pay,뷰티 상품 046,뷰티,M,32,수원,2026-07
89,40,44,2,177000,354000,8,2026-07-27,completed,naver_pay,생활용품 상품 044,생활용품,M,32,수원,2026-07
90,41,90,4,44000,176000,47,2026-06-20,completed,naver_pay,스포츠 상품 090,스포츠,F,36,울산,2026-06
91,41,81,2,165000,330000,47,2026-06-20,completed,naver_pay,전자기기 상품 081,전자기기,F,36,울산,2026-06
92,41,18,1,109000,109000,47,2026-06-20,completed,naver_pay,스포츠 상품 018,스포츠,F,36,울산,2026-06
93,41,92,4,111000,444000,47,2026-06-20,completed,naver_pay,식품 상품 092,식품,F,36,울산,2026-06
94,42,38,2,173000,346000,91,2026-04-28,completed,kakao_pay,생활용품 상품 038,생활용품,M,27,인천,2026-04
95,43,26,1,82000,82000,72,2025-12-23,refunded,kakao_pay,도서 상품 026,도서,F,52,대구,2025-12
96,44,40,5,174000,870000,3,2026-01-13,completed,bank_transfer,도서 상품 040,도서,F,61,성남,2026-01
97,44,51,5,111000,555000,3,2026-01-13,completed,bank_transfer,전자기기 상품 051,전자기기,F,61,성남,2026-01
98,44,61,3,50000,150000,3,2026-01-13,completed,bank_transfer,생활용품 상품 061,생활용품,F,61,성남,2026-01
99,45,97,2,154000,308000,62,2026-08-06,cancelled,naver_pay,전자기기 상품 097,전자기기,F,63,광주,2026-08
100,46,46,1,55000,55000,143,2025-12-14,cancelled,bank_transfer,뷰티 상품 046,뷰티,F,43,대전,2025-12
101,46,84,3,78000,234000,143,2025-12-14,cancelled,bank_transfer,스포츠 상품 084,스포츠,F,43,대전,2025-12
102,46,35,1,59000,59000,143,2025-12-14,cancelled,bank_transfer,스포츠 상품 035,스포츠,F,43,대전,2025-12
103,47,56,4,42000,168000,126,2026-07-29,completed,naver_pay,생활용품 상품 056,생활용품,M,53,서울,2026-07
104,47,96,4,112000,448000,126,2026-07-29,completed,naver_pay,생활용품 상품 096,생활용품,M,53,서울,2026-07
105,47,50,3,23000,69000,126,2026-07-29,completed,naver_pay,뷰티 상품 050,뷰티,M,53,서울,2026-07
106,48,64,4,147000,588000,24,2026-09-07,completed,kakao_pay,식품 상품 064,식품,F,41,대전,2026-09
107,48,48,5,67000,335000,24,2026-09-07,completed,kakao_pay,식품 상품 048,식품,F,41,대전,2026-09
108,49,11,4,115000,460000,104,2025-10-13,completed,bank_transfer,패션 상품 011,패션,M,33,광주,2025-10
109,49,11,4,115000,460000,104,2025-10-13,completed,bank_transfer,패션 상품 011,패션,M,33,광주,2025-10
110,49,78,2,68000,136000,104,2025-10-13,completed,bank_transfer,뷰티 상품 078,뷰티,M,33,광주,2025-10
111,50,42,1,28000,28000,149,2025-12-27,cancelled,kakao_pay,패션 상품 042,패션,M,20,부산,2025-12
112,50,11,3,115000,345000,149,2025-12-27,cancelled,kakao_pay,패션 상품 011,패션,M,20,부산,2025-12
113,50,85,3,74000,222000,149,2025-12-27,cancelled,kakao_pay,생활용품 상품 085,생활용품,M,20,부산,2025-12
114,51,58,5,197000,985000,142,2026-08-18,cancelled,kakao_pay,식품 상품 058,식품,F,32,서울,2026-08
115,51,92,4,111000,444000,142,2026-08-18,cancelled,kakao_pay,식품 상품 092,식품,F,32,서울,2026-08
116,51,22,4,112000,448000,142,2026-08-18,cancelled,kakao_pay,생활용품 상품 022,생활용품,F,32,서울,2026-08
117,52,58,1,197000,197000,141,2026-03-04,completed,kakao_pay,식품 상품 058,식품,M,40,광주,2026-03
118,52,94,3,124000,372000,141,2026-03-04,completed,kakao_pay,도서 상품 094,도서,M,40,광주,2026-03
119,52,79,4,168000,672000,141,2026-03-04,completed,kakao_pay,뷰티 상품 079,뷰티,M,40,광주,2026-03
120,53,82,1,75000,75000,117,2025-12-13,completed,kakao_pay,생활용품 상품 082,생활용품,F,65,성남,2025-12
121,53,10,4,55000,220000,117,2025-12-13,completed,kakao_pay,스포츠 상품 010,스포츠,F,65,성남,2025-12
122,53,47,5,11000,55000,117,2025-12-13,completed,kakao_pay,생활용품 상품 047,생활용품,F,65,성남,2025-12
123,54,4,2,70000,140000,65,2026-06-28,completed,bank_transfer,생활용품 상품 004,생활용품,F,33,인천,2026-06
124,54,78,4,68000,272000,65,2026-06-28,completed,bank_transfer,뷰티 상품 078,뷰티,F,33,인천,2026-06
125,55,17,1,84000,84000,50,2026-03-09,completed,kakao_pay,도서 상품 017,도서,F,58,광주,2026-03
126,56,100,3,102000,306000,138,2026-04-19,completed,bank_transfer,도서 상품 100,도서,F,35,대구,2026-04
127,56,47,4,11000,44000,138,2026-04-19,completed,bank_transfer,생활용품 상품 047,생활용품,F,35,대구,2026-04
128,57,78,2,68000,136000,56,2026-05-05,completed,naver_pay,뷰티 상품 078,뷰티,F,21,인천,2026-05
129,58,48,3,67000,201000,135,2026-05-27,completed,kakao_pay,식품 상품 048,식품,F,28,대구,2026-05
130,58,57,1,181000,181000,135,2026-05-27,completed,kakao_pay,스포츠 상품 057,스포츠,F,28,대구,2026-05
131,58,74,2,145000,290000,135,2026-05-27,completed,kakao_pay,뷰티 상품 074,뷰티,F,28,대구,2026-05
132,58,68,3,140000,420000,135,2026-05-27,completed,kakao_pay,스포츠 상품 068,스포츠,F,28,대구,2026-05
133,59,41,3,163000,489000,50,2026-02-04,completed,kakao_pay,스포츠 상품 041,스포츠,F,58,광주,2026-02
134,59,32,1,172000,172000,50,2026-02-04,completed,kakao_pay,도서 상품 032,도서,F,58,광주,2026-02
135,59,4,2,70000,140000,50,2026-02-04,completed,kakao_pay,생활용품 상품 004,생활용품,F,58,광주,2026-02
136,59,64,5,147000,735000,50,2026-02-04,completed,kakao_pay,식품 상품 064,식품,F,58,광주,2026-02
137,60,72,1,189000,189000,93,2026-01-18,completed,bank_transfer,뷰티 상품 072,뷰티,F,65,대전,2026-01
138,60,34,3,118000,354000,93,2026-01-18,completed,bank_transfer,전자기기 상품 034,전자기기,F,65,대전,2026-01
139,60,91,4,59000,236000,93,2026-01-18,completed,bank_transfer,스포츠 상품 091,스포츠,F,65,대전,2026-01
140,60,28,5,5000,25000,93,2026-01-18,completed,bank_transfer,뷰티 상품 028,뷰티,F,65,대전,2026-01
141,61,89,4,103000,412000,4,2025-09-21,completed,bank_transfer,생활용품 상품 089,생활용품,F,55,울산,2025-09
142,61,26,1,82000,82000,4,2025-09-21,completed,bank_transfer,도서 상품 026,도서,F,55,울산,2025-09
143,61,18,1,109000,109000,4,2025-09-21,completed,bank_transfer,스포츠 상품 018,스포츠,F,55,울산,2025-09
144,62,23,4,102000,408000,12,2026-03-20,refunded,card,스포츠 상품 023,스포츠,F,66,대전,2026-03
145,62,12,3,175000,525000,12,2026-03-20,refunded,card,식품 상품 012,식품,F,66,대전,2026-03
146,62,86,3,86000,258000,12,2026-03-20,refunded,card,패션 상품 086,패션,F,66,대전,2026-03
147,62,91,1,59000,59000,12,2026-03-20,refunded,card,스포츠 상품 091,스포츠,F,66,대전,2026-03
148,63,39,2,77000,154000,75,2026-08-06,cancelled,bank_transfer,식품 상품 039,식품,F,60,울산,2026-08
149,63,92,2,111000,222000,75,2026-08-06,cancelled,bank_transfer,식품 상품 092,식품,F,60,울산,2026-08
150,63,47,5,11000,55000,75,2026-08-06,cancelled,bank_transfer,생활용품 상품 047,생활용품,F,60,울산,2026-08
151,64,16,2,81000,162000,27,2026-01-14,refunded,card,스포츠 상품 016,스포츠,F,28,수원,2026-01
152,64,18,2,109000,218000,27,2026-01-14,refunded,card,스포츠 상품 018,스포츠,F,28,수원,2026-01
153,65,4,3,70000,210000,73,2025-11-19,cancelled,naver_pay,생활용품 상품 004,생활용품,M,33,수원,2025-11
154,65,71,5,161000,805000,73,2025-11-19,cancelled,naver_pay,전자기기 상품 071,전자기기,M,33,수원,2025-11
155,65,48,4,67000,268000,73,2025-11-19,cancelled,naver_pay,식품 상품 048,식품,M,33,수원,2025-11
156,65,71,2,161000,322000,73,2025-11-19,cancelled,naver_pay,전자기기 상품 071,전자기기,M,33,수원,2025-11
157,66,9,3,193000,579000,113,2026-03-18,completed,kakao_pay,스포츠 상품 009,스포츠,M,57,성남,2026-03
158,67,92,4,111000,444000,14,2025-12-01,cancelled,kakao_pay,식품 상품 092,식품,F,40,대전,2025-12
159,67,68,4,140000,560000,14,2025-12-01,cancelled,kakao_pay,스포츠 상품 068,스포츠,F,40,대전,2025-12
160,67,99,4,200000,800000,14,2025-12-01,cancelled,kakao_pay,뷰티 상품 099,뷰티,F,40,대전,2025-12
161,67,74,1,145000,145000,14,2025-12-01,cancelled,kakao_pay,뷰티 상품 074,뷰티,F,40,대전,2025-12
162,68,41,1,163000,163000,30,2026-01-25,cancelled,card,스포츠 상품 041,스포츠,F,32,서울,2026-01
163,68,58,4,197000,788000,30,2026-01-25,cancelled,card,식품 상품 058,식품,F,32,서울,2026-01
164,69,17,5,84000,420000,126,2026-07-16,refunded,card,도서 상품 017,도서,M,53,서울,2026-07
165,69,82,5,75000,375000,126,2026-07-16,refunded,card,생활용품 상품 082,생활용품,M,53,서울,2026-07
166,69,24,2,196000,392000,126,2026-07-16,refunded,card,스포츠 상품 024,스포츠,M,53,서울,2026-07
167,70,65,1,36000,36000,14,2025-12-19,completed,bank_transfer,생활용품 상품 065,생활용품,F,40,대전,2025-12
168,70,16,5,81000,405000,14,2025-12-19,completed,bank_transfer,스포츠 상품 016,스포츠,F,40,대전,2025-12
169,70,20,3,80000,240000,14,2025-12-19,completed,bank_transfer,스포츠 상품 020,스포츠,F,40,대전,2025-12
170,70,22,2,112000,224000,14,2025-12-19,completed,bank_transfer,생활용품 상품 022,생활용품,F,40,대전,2025-12
171,71,91,2,59000,118000,145,2026-01-20,completed,kakao_pay,스포츠 상품 091,스포츠,M,59,성남,2026-01
172,71,45,5,62000,310000,145,2026-01-20,completed,kakao_pay,패션 상품 045,패션,M,59,성남,2026-01
173,71,37,1,193000,193000,145,2026-01-20,completed,kakao_pay,뷰티 상품 037,뷰티,M,59,성남,2026-01
174,72,26,5,82000,410000,64,2025-12-27,refunded,card,도서 상품 026,도서,M,51,수원,2025-12
175,72,36,2,126000,252000,64,2025-12-27,refunded,card,도서 상품 036,도서,M,51,수원,2025-12
176,72,81,3,165000,495000,64,2025-12-27,refunded,card,전자기기 상품 081,전자기기,M,51,수원,2025-12
177,73,65,2,36000,72000,107,2026-08-17,refunded,bank_transfer,생활용품 상품 065,생활용품,F,47,고양,2026-08
178,74,22,5,112000,560000,98,2026-04-29,cancelled,naver_pay,생활용품 상품 022,생활용품,F,61,인천,2026-04
179,74,93,5,89000,445000,98,2026-04-29,cancelled,naver_pay,전자기기 상품 093,전자기기,F,61,인천,2026-04
180,75,73,1,114000,114000,77,2026-06-09,completed,naver_pay,도서 상품 073,도서,M,64,서울,2026-06
181,75,4,1,70000,70000,77,2026-06-09,completed,naver_pay,생활용품 상품 004,생활용품,M,64,서울,2026-06
182,75,6,5,5000,25000,77,2026-06-09,completed,naver_pay,전자기기 상품 006,전자기기,M,64,서울,2026-06
183,76,84,2,78000,156000,146,2026-08-17,refunded,card,스포츠 상품 084,스포츠,M,61,성남,2026-08
184,76,99,5,200000,1000000,146,2026-08-17,refunded,card,뷰티 상품 099,뷰티,M,61,성남,2026-08
185,76,54,5,103000,515000,146,2026-08-17,refunded,card,스포츠 상품 054,스포츠,M,61,성남,2026-08
186,77,64,5,147000,735000,26,2025-12-26,completed,bank_transfer,식품 상품 064,식품,F,56,대구,2025-12
187,78,83,3,24000,72000,68,2026-04-13,completed,card,전자기기 상품 083,전자기기,F,22,서울,2026-04
188,78,62,2,183000,366000,68,2026-04-13,completed,card,뷰티 상품 062,뷰티,F,22,서울,2026-04
189,78,88,4,43000,172000,68,2026-04-13,completed,card,생활용품 상품 088,생활용품,F,22,서울,2026-04
190,79,59,1,32000,32000,62,2025-09-13,refunded,bank_transfer,뷰티 상품 059,뷰티,F,63,광주,2025-09
191,79,89,1,103000,103000,62,2025-09-13,refunded,bank_transfer,생활용품 상품 089,생활용품,F,63,광주,2025-09
192,79,21,4,37000,148000,62,2025-09-13,refunded,bank_transfer,도서 상품 021,도서,F,63,광주,2025-09
193,80,62,4,183000,732000,20,2026-03-29,completed,bank_transfer,뷰티 상품 062,뷰티,F,20,인천,2026-03
194,80,27,3,145000,435000,20,2026-03-29,completed,bank_transfer,전자기기 상품 027,전자기기,F,20,인천,2026-03
195,80,78,2,68000,136000,20,2026-03-29,completed,bank_transfer,뷰티 상품 078,뷰티,F,20,인천,2026-03
196,80,41,3,163000,489000,20,2026-03-29,completed,bank_transfer,스포츠 상품 041,스포츠,F,20,인천,2026-03
197,81,52,2,152000,304000,105,2025-11-23,refunded,naver_pay,스포츠 상품 052,스포츠,M,26,광주,2025-11
198,81,98,3,10000,30000,105,2025-11-23,refunded,naver_pay,스포츠 상품 098,스포츠,M,26,광주,2025-11
199,81,66,5,39000,195000,105,2025-11-23,refunded,naver_pay,전자기기 상품 066,전자기기,M,26,광주,2025-11
200,82,41,2,163000,326000,121,2025-10-13,completed,kakao_pay,스포츠 상품 041,스포츠,M,34,서울,2025-10
201,83,16,3,81000,243000,60,2025-12-12,completed,kakao_pay,스포츠 상품 016,스포츠,F,34,성남,2025-12
202,83,58,2,197000,394000,60,2025-12-12,completed,kakao_pay,식품 상품 058,식품,F,34,성남,2025-12
203,83,19,1,108000,108000,60,2025-12-12,completed,kakao_pay,패션 상품 019,패션,F,34,성남,2025-12
204,83,7,3,142000,426000,60,2025-12-12,completed,kakao_pay,도서 상품 007,도서,F,34,성남,2025-12
205,84,79,4,168000,672000,117,2026-06-16,completed,card,뷰티 상품 079,뷰티,F,65,성남,2026-06
206,84,32,2,172000,344000,117,2026-06-16,completed,card,도서 상품 032,도서,F,65,성남,2026-06
207,84,42,5,28000,140000,117,2026-06-16,completed,card,패션 상품 042,패션,F,65,성남,2026-06
208,84,93,3,89000,267000,117,2026-06-16,completed,card,전자기기 상품 093,전자기기,F,65,성남,2026-06
209,85,98,2,10000,20000,68,2026-02-14,cancelled,bank_transfer,스포츠 상품 098,스포츠,F,22,서울,2026-02
210,85,64,5,147000,735000,68,2026-02-14,cancelled,bank_transfer,식품 상품 064,식품,F,22,서울,2026-02
211,86,64,3,147000,441000,30,2026-03-18,completed,bank_transfer,식품 상품 064,식품,F,32,서울,2026-03
212,86,64,1,147000,147000,30,2026-03-18,completed,bank_transfer,식품 상품 064,식품,F,32,서울,2026-03
213,86,12,4,175000,700000,30,2026-03-18,completed,bank_transfer,식품 상품 012,식품,F,32,서울,2026-03
214,86,65,4,36000,144000,30,2026-03-18,completed,bank_transfer,생활용품 상품 065,생활용품,F,32,서울,2026-03
215,87,28,5,5000,25000,69,2026-04-13,completed,bank_transfer,뷰티 상품 028,뷰티,F,22,서울,2026-04
216,87,46,1,55000,55000,69,2026-04-13,completed,bank_transfer,뷰티 상품 046,뷰티,F,22,서울,2026-04
217,88,37,4,193000,772000,16,2026-07-01,completed,bank_transfer,뷰티 상품 037,뷰티,M,52,부산,2026-07
218,89,37,5,193000,965000,146,2025-12-12,cancelled,kakao_pay,뷰티 상품 037,뷰티,M,61,성남,2025-12
219,89,2,1,34000,34000,146,2025-12-12,cancelled,kakao_pay,도서 상품 002,도서,M,61,성남,2025-12
220,89,56,2,42000,84000,146,2025-12-12,cancelled,kakao_pay,생활용품 상품 056,생활용품,M,61,성남,2025-12
221,89,34,3,118000,354000,146,2025-12-12,cancelled,kakao_pay,전자기기 상품 034,전자기기,M,61,성남,2025-12
222,90,47,1,11000,11000,32,2026-06-05,completed,naver_pay,생활용품 상품 047,생활용품,F,31,고양,2026-06
223,90,52,1,152000,152000,32,2026-06-05,completed,naver_pay,스포츠 상품 052,스포츠,F,31,고양,2026-06
224,90,73,5,114000,570000,32,2026-06-05,completed,naver_pay,도서 상품 073,도서,F,31,고양,2026-06
225,90,25,3,162000,486000,32,2026-06-05,completed,naver_pay,생활용품 상품 025,생활용품,F,31,고양,2026-06
226,91,10,4,55000,220000,104,2026-03-13,refunded,kakao_pay,스포츠 상품 010,스포츠,M,33,광주,2026-03
227,91,65,4,36000,144000,104,2026-03-13,refunded,kakao_pay,생활용품 상품 065,생활용품,M,33,광주,2026-03
228,91,98,5,10000,50000,104,2026-03-13,refunded,kakao_pay,스포츠 상품 098,스포츠,M,33,광주,2026-03
229,92,80,5,138000,690000,139,2026-05-18,cancelled,naver_pay,패션 상품 080,패션,F,42,서울,2026-05
230,92,16,2,81000,162000,139,2026-05-18,cancelled,naver_pay,스포츠 상품 016,스포츠,F,42,서울,2026-05
231,92,13,4,164000,656000,139,2026-05-18,cancelled,naver_pay,패션 상품 013,패션,F,42,서울,2026-05
232,93,44,5,177000,885000,21,2026-06-13,cancelled,card,생활용품 상품 044,생활용품,M,23,인천,2026-06
233,93,47,2,11000,22000,21,2026-06-13,cancelled,card,생활용품 상품 047,생활용품,M,23,인천,2026-06
234,93,26,5,82000,410000,21,2026-06-13,cancelled,card,도서 상품 026,도서,M,23,인천,2026-06
235,94,65,1,36000,36000,83,2026-03-19,completed,kakao_pay,생활용품 상품 065,생활용품,F,22,수원,2026-03
236,94,6,1,5000,5000,83,2026-03-19,completed,kakao_pay,전자기기 상품 006,전자기기,F,22,수원,2026-03
237,94,18,3,109000,327000,83,2026-03-19,completed,kakao_pay,스포츠 상품 018,스포츠,F,22,수원,2026-03
238,94,61,5,50000,250000,83,2026-03-19,completed,kakao_pay,생활용품 상품 061,생활용품,F,22,수원,2026-03
239,95,20,5,80000,400000,24,2026-03-03,refunded,bank_transfer,스포츠 상품 020,스포츠,F,41,대전,2026-03
240,95,66,2,39000,78000,24,2026-03-03,refunded,bank_transfer,전자기기 상품 066,전자기기,F,41,대전,2026-03
241,95,42,5,28000,140000,24,2026-03-03,refunded,bank_transfer,패션 상품 042,패션,F,41,대전,2026-03
242,95,41,2,163000,326000,24,2026-03-03,refunded,bank_transfer,스포츠 상품 041,스포츠,F,41,대전,2026-03
243,96,79,3,168000,504000,6,2026-07-14,refunded,kakao_pay,뷰티 상품 079,뷰티,F,32,성남,2026-07
244,96,76,3,126000,378000,6,2026-07-14,refunded,kakao_pay,스포츠 상품 076,스포츠,F,32,성남,2026-07
245,96,65,5,36000,180000,6,2026-07-14,refunded,kakao_pay,생활용품 상품 065,생활용품,F,32,성남,2026-07
246,96,69,4,157000,628000,6,2026-07-14,refunded,kakao_pay,도서 상품 069,도서,F,32,성남,2026-07
247,97,61,1,50000,50000,11,2025-09-16,cancelled,bank_transfer,생활용품 상품 061,생활용품,M,35,대구,2025-09
248,97,48,3,67000,201000,11,2025-09-16,cancelled,bank_transfer,식품 상품 048,식품,M,35,대구,2025-09
249,97,87,1,25000,25000,11,2025-09-16,cancelled,bank_transfer,도서 상품 087,도서,M,35,대구,2025-09
250,98,75,3,45000,135000,133,2025-10-16,completed,naver_pay,전자기기 상품 075,전자기기,M,67,성남,2025-10
251,98,93,1,89000,89000,133,2025-10-16,completed,naver_pay,전자기기 상품 093,전자기기,M,67,성남,2025-10
252,98,77,4,71000,284000,133,2025-10-16,completed,naver_pay,전자기기 상품 077,전자기기,M,67,성남,2025-10
253,98,34,5,118000,590000,133,2025-10-16,completed,naver_pay,전자기기 상품 034,전자기기,M,67,성남,2025-10
254,99,93,1,89000,89000,47,2026-01-02,cancelled,naver_pay,전자기기 상품 093,전자기기,F,36,울산,2026-01
255,99,75,4,45000,180000,47,2026-01-02,cancelled,naver_pay,전자기기 상품 075,전자기기,F,36,울산,2026-01
256,100,68,5,140000,700000,24,2025-12-05,completed,naver_pay,스포츠 상품 068,스포츠,F,41,대전,2025-12
257,100,100,4,102000,408000,24,2025-12-05,completed,naver_pay,도서 상품 100,도서,F,41,대전,2025-12
258,101,88,2,43000,86000,105,2026-02-14,completed,kakao_pay,생활용품 상품 088,생활용품,M,26,광주,2026-02
259,101,5,5,186000,930000,105,2026-02-14,completed,kakao_pay,식품 상품 005,식품,M,26,광주,2026-02
260,102,25,1,162000,162000,27,2026-06-05,completed,bank_transfer,생활용품 상품 025,생활용품,F,28,수원,2026-06
261,103,41,4,163000,652000,106,2025-12-13,completed,naver_pay,스포츠 상품 041,스포츠,M,38,부산,2025-12
262,103,20,4,80000,320000,106,2025-12-13,completed,naver_pay,스포츠 상품 020,스포츠,M,38,부산,2025-12
263,103,89,2,103000,206000,106,2025-12-13,completed,naver_pay,생활용품 상품 089,생활용품,M,38,부산,2025-12
264,103,53,5,188000,940000,106,2025-12-13,completed,naver_pay,생활용품 상품 053,생활용품,M,38,부산,2025-12
265,104,95,1,20000,20000,103,2026-01-06,cancelled,card,전자기기 상품 095,전자기기,M,34,인천,2026-01
266,104,91,2,59000,118000,103,2026-01-06,cancelled,card,스포츠 상품 091,스포츠,M,34,인천,2026-01
267,104,67,2,123000,246000,103,2026-01-06,cancelled,card,뷰티 상품 067,뷰티,M,34,인천,2026-01
268,104,72,3,189000,567000,103,2026-01-06,cancelled,card,뷰티 상품 072,뷰티,M,34,인천,2026-01
269,105,68,4,140000,560000,23,2026-05-25,completed,kakao_pay,스포츠 상품 068,스포츠,M,58,대전,2026-05
270,105,41,2,163000,326000,23,2026-05-25,completed,kakao_pay,스포츠 상품 041,스포츠,M,58,대전,2026-05
271,105,59,5,32000,160000,23,2026-05-25,completed,kakao_pay,뷰티 상품 059,뷰티,M,58,대전,2026-05
272,105,44,5,177000,885000,23,2026-05-25,completed,kakao_pay,생활용품 상품 044,생활용품,M,58,대전,2026-05
273,106,87,3,25000,75000,83,2026-04-23,cancelled,card,도서 상품 087,도서,F,22,수원,2026-04
274,106,79,4,168000,672000,83,2026-04-23,cancelled,card,뷰티 상품 079,뷰티,F,22,수원,2026-04
275,106,25,2,162000,324000,83,2026-04-23,cancelled,card,생활용품 상품 025,생활용품,F,22,수원,2026-04
276,107,72,3,189000,567000,132,2026-01-31,refunded,card,뷰티 상품 072,뷰티,F,60,부산,2026-01
277,107,29,3,78000,234000,132,2026-01-31,refunded,card,패션 상품 029,패션,F,60,부산,2026-01
278,107,99,3,200000,600000,132,2026-01-31,refunded,card,뷰티 상품 099,뷰티,F,60,부산,2026-01
279,108,89,4,103000,412000,119,2026-03-12,completed,naver_pay,생활용품 상품 089,생활용품,F,63,대전,2026-03
280,108,41,4,163000,652000,119,2026-03-12,completed,naver_pay,스포츠 상품 041,스포츠,F,63,대전,2026-03
281,109,72,3,189000,567000,49,2026-04-12,refunded,kakao_pay,뷰티 상품 072,뷰티,M,50,대구,2026-04
282,109,37,1,193000,193000,49,2026-04-12,refunded,kakao_pay,뷰티 상품 037,뷰티,M,50,대구,2026-04
283,109,74,5,145000,725000,49,2026-04-12,refunded,kakao_pay,뷰티 상품 074,뷰티,M,50,대구,2026-04
284,110,51,3,111000,333000,128,2026-04-04,completed,naver_pay,전자기기 상품 051,전자기기,F,41,고양,2026-04
285,110,99,2,200000,400000,128,2026-04-04,completed,naver_pay,뷰티 상품 099,뷰티,F,41,고양,2026-04
286,110,38,1,173000,173000,128,2026-04-04,completed,naver_pay,생활용품 상품 038,생활용품,F,41,고양,2026-04
287,110,37,1,193000,193000,128,2026-04-04,completed,naver_pay,뷰티 상품 037,뷰티,F,41,고양,2026-04
288,111,57,3,181000,543000,53,2026-01-21,refunded,kakao_pay,스포츠 상품 057,스포츠,F,56,대전,2026-01
289,111,96,4,112000,448000,53,2026-01-21,refunded,kakao_pay,생활용품 상품 096,생활용품,F,56,대전,2026-01
290,111,28,2,5000,10000,53,2026-01-21,refunded,kakao_pay,뷰티 상품 028,뷰티,F,56,대전,2026-01
291,112,72,3,189000,567000,34,2026-02-22,cancelled,kakao_pay,뷰티 상품 072,뷰티,M,59,수원,2026-02
292,112,18,1,109000,109000,34,2026-02-22,cancelled,kakao_pay,스포츠 상품 018,스포츠,M,59,수원,2026-02
293,112,79,5,168000,840000,34,2026-02-22,cancelled,kakao_pay,뷰티 상품 079,뷰티,M,59,수원,2026-02
294,113,32,1,172000,172000,125,2026-06-26,completed,card,도서 상품 032,도서,M,28,수원,2026-06
295,113,86,5,86000,430000,125,2026-06-26,completed,card,패션 상품 086,패션,M,28,수원,2026-06
296,114,82,2,75000,150000,62,2026-04-11,completed,bank_transfer,생활용품 상품 082,생활용품,F,63,광주,2026-04
297,114,7,1,142000,142000,62,2026-04-11,completed,bank_transfer,도서 상품 007,도서,F,63,광주,2026-04
298,115,43,4,197000,788000,142,2026-01-16,refunded,card,뷰티 상품 043,뷰티,F,32,서울,2026-01
299,115,13,2,164000,328000,142,2026-01-16,refunded,card,패션 상품 013,패션,F,32,서울,2026-01
300,115,1,5,160000,800000,142,2026-01-16,refunded,card,전자기기 상품 001,전자기기,F,32,서울,2026-01
301,115,21,4,37000,148000,142,2026-01-16,refunded,card,도서 상품 021,도서,F,32,서울,2026-01
302,116,62,2,183000,366000,105,2026-01-24,completed,card,뷰티 상품 062,뷰티,M,26,광주,2026-01
303,116,97,3,154000,462000,105,2026-01-24,completed,card,전자기기 상품 097,전자기기,M,26,광주,2026-01
304,116,42,3,28000,84000,105,2026-01-24,completed,card,패션 상품 042,패션,M,26,광주,2026-01
305,116,83,1,24000,24000,105,2026-01-24,completed,card,전자기기 상품 083,전자기기,M,26,광주,2026-01
306,117,84,5,78000,390000,30,2026-06-09,completed,naver_pay,스포츠 상품 084,스포츠,F,32,서울,2026-06
307,118,69,1,157000,157000,40,2026-03-05,completed,naver_pay,도서 상품 069,도서,M,23,서울,2026-03
308,118,23,4,102000,408000,40,2026-03-05,completed,naver_pay,스포츠 상품 023,스포츠,M,23,서울,2026-03
309,119,5,4,186000,744000,131,2025-12-24,cancelled,kakao_pay,식품 상품 005,식품,F,40,인천,2025-12
310,119,64,2,147000,294000,131,2025-12-24,cancelled,kakao_pay,식품 상품 064,식품,F,40,인천,2025-12
311,120,5,1,186000,186000,124,2026-01-07,completed,naver_pay,식품 상품 005,식품,M,67,대구,2026-01
312,120,39,5,77000,385000,124,2026-01-07,completed,naver_pay,식품 상품 039,식품,M,67,대구,2026-01
313,120,78,1,68000,68000,124,2026-01-07,completed,naver_pay,뷰티 상품 078,뷰티,M,67,대구,2026-01
314,121,37,4,193000,772000,117,2025-12-16,cancelled,bank_transfer,뷰티 상품 037,뷰티,F,65,성남,2025-12
315,121,83,5,24000,120000,117,2025-12-16,cancelled,bank_transfer,전자기기 상품 083,전자기기,F,65,성남,2025-12
316,121,68,4,140000,560000,117,2025-12-16,cancelled,bank_transfer,스포츠 상품 068,스포츠,F,65,성남,2025-12
317,122,65,4,36000,144000,49,2025-12-08,completed,bank_transfer,생활용품 상품 065,생활용품,M,50,대구,2025-12
318,122,35,2,59000,118000,49,2025-12-08,completed,bank_transfer,스포츠 상품 035,스포츠,M,50,대구,2025-12
319,123,43,2,197000,394000,71,2025-10-26,completed,naver_pay,뷰티 상품 043,뷰티,F,35,수원,2025-10
320,124,83,3,24000,72000,130,2026-06-17,completed,kakao_pay,전자기기 상품 083,전자기기,F,37,대전,2026-06
321,124,92,2,111000,222000,130,2026-06-17,completed,kakao_pay,식품 상품 092,식품,F,37,대전,2026-06
322,124,2,3,34000,102000,130,2026-06-17,completed,kakao_pay,도서 상품 002,도서,F,37,대전,2026-06
323,124,38,5,173000,865000,130,2026-06-17,completed,kakao_pay,생활용품 상품 038,생활용품,F,37,대전,2026-06
324,125,23,5,102000,510000,73,2025-11-23,refunded,kakao_pay,스포츠 상품 023,스포츠,M,33,수원,2025-11
325,125,82,4,75000,300000,73,2025-11-23,refunded,kakao_pay,생활용품 상품 082,생활용품,M,33,수원,2025-11
326,126,66,3,39000,117000,149,2026-01-10,completed,naver_pay,전자기기 상품 066,전자기기,M,20,부산,2026-01
327,126,12,4,175000,700000,149,2026-01-10,completed,naver_pay,식품 상품 012,식품,M,20,부산,2026-01
328,126,86,1,86000,86000,149,2026-01-10,completed,naver_pay,패션 상품 086,패션,M,20,부산,2026-01
329,126,24,2,196000,392000,149,2026-01-10,completed,naver_pay,스포츠 상품 024,스포츠,M,20,부산,2026-01
330,127,42,2,28000,56000,115,2025-10-26,completed,naver_pay,패션 상품 042,패션,M,60,부산,2025-10
331,127,1,3,160000,480000,115,2025-10-26,completed,naver_pay,전자기기 상품 001,전자기기,M,60,부산,2025-10
332,127,50,2,23000,46000,115,2025-10-26,completed,naver_pay,뷰티 상품 050,뷰티,M,60,부산,2025-10
333,127,58,3,197000,591000,115,2025-10-26,completed,naver_pay,식품 상품 058,식품,M,60,부산,2025-10
334,128,39,5,77000,385000,86,2026-06-25,cancelled,naver_pay,식품 상품 039,식품,F,44,수원,2026-06
335,128,93,5,89000,445000,86,2026-06-25,cancelled,naver_pay,전자기기 상품 093,전자기기,F,44,수원,2026-06
336,128,2,3,34000,102000,86,2026-06-25,cancelled,naver_pay,도서 상품 002,도서,F,44,수원,2026-06
337,129,89,2,103000,206000,83,2026-04-06,completed,bank_transfer,생활용품 상품 089,생활용품,F,22,수원,2026-04
338,129,8,1,189000,189000,83,2026-04-06,completed,bank_transfer,스포츠 상품 008,스포츠,F,22,수원,2026-04
339,129,60,3,113000,339000,83,2026-04-06,completed,bank_transfer,뷰티 상품 060,뷰티,F,22,수원,2026-04
340,130,52,5,152000,760000,147,2026-07-03,completed,naver_pay,스포츠 상품 052,스포츠,M,19,부산,2026-07
341,130,91,3,59000,177000,147,2026-07-03,completed,naver_pay,스포츠 상품 091,스포츠,M,19,부산,2026-07
342,131,82,3,75000,225000,106,2026-06-05,completed,card,생활용품 상품 082,생활용품,M,38,부산,2026-06
343,132,79,2,168000,336000,122,2025-11-20,cancelled,naver_pay,뷰티 상품 079,뷰티,F,58,울산,2025-11
344,132,29,2,78000,156000,122,2025-11-20,cancelled,naver_pay,패션 상품 029,패션,F,58,울산,2025-11
345,132,62,2,183000,366000,122,2025-11-20,cancelled,naver_pay,뷰티 상품 062,뷰티,F,58,울산,2025-11
346,133,96,5,112000,560000,39,2025-11-23,completed,naver_pay,생활용품 상품 096,생활용품,M,32,대구,2025-11
347,133,48,4,67000,268000,39,2025-11-23,completed,naver_pay,식품 상품 048,식품,M,32,대구,2025-11
348,133,90,5,44000,220000,39,2025-11-23,completed,naver_pay,스포츠 상품 090,스포츠,M,32,대구,2025-11
349,133,61,5,50000,250000,39,2025-11-23,completed,naver_pay,생활용품 상품 061,생활용품,M,32,대구,2025-11
350,134,98,2,10000,20000,33,2025-12-03,completed,kakao_pay,스포츠 상품 098,스포츠,M,31,수원,2025-12
351,134,88,5,43000,215000,33,2025-12-03,completed,kakao_pay,생활용품 상품 088,생활용품,M,31,수원,2025-12
352,135,68,4,140000,560000,113,2026-06-23,refunded,card,스포츠 상품 068,스포츠,M,57,성남,2026-06
353,136,10,5,55000,275000,117,2026-03-17,completed,card,스포츠 상품 010,스포츠,F,65,성남,2026-03
354,136,15,1,36000,36000,117,2026-03-17,completed,card,뷰티 상품 015,뷰티,F,65,성남,2026-03
355,136,71,5,161000,805000,117,2026-03-17,completed,card,전자기기 상품 071,전자기기,F,65,성남,2026-03
356,137,74,5,145000,725000,105,2025-12-26,completed,bank_transfer,뷰티 상품 074,뷰티,M,26,광주,2025-12
357,137,20,2,80000,160000,105,2025-12-26,completed,bank_transfer,스포츠 상품 020,스포츠,M,26,광주,2025-12
358,138,67,4,123000,492000,121,2026-06-18,completed,kakao_pay,뷰티 상품 067,뷰티,M,34,서울,2026-06
359,138,15,2,36000,72000,121,2026-06-18,completed,kakao_pay,뷰티 상품 015,뷰티,M,34,서울,2026-06
360,138,92,5,111000,555000,121,2026-06-18,completed,kakao_pay,식품 상품 092,식품,M,34,서울,2026-06
361,139,12,5,175000,875000,102,2026-04-26,completed,card,식품 상품 012,식품,M,60,고양,2026-04
362,139,58,1,197000,197000,102,2026-04-26,completed,card,식품 상품 058,식품,M,60,고양,2026-04
363,139,59,2,32000,64000,102,2026-04-26,completed,card,뷰티 상품 059,뷰티,M,60,고양,2026-04
364,139,66,4,39000,156000,102,2026-04-26,completed,card,전자기기 상품 066,전자기기,M,60,고양,2026-04
365,140,73,1,114000,114000,137,2026-07-02,completed,naver_pay,도서 상품 073,도서,M,68,울산,2026-07
366,140,72,4,189000,756000,137,2026-07-02,completed,naver_pay,뷰티 상품 072,뷰티,M,68,울산,2026-07
367,140,87,3,25000,75000,137,2026-07-02,completed,naver_pay,도서 상품 087,도서,M,68,울산,2026-07
368,140,93,1,89000,89000,137,2026-07-02,completed,naver_pay,전자기기 상품 093,전자기기,M,68,울산,2026-07
369,141,33,1,124000,124000,125,2026-04-01,refunded,card,패션 상품 033,패션,M,28,수원,2026-04
370,141,96,2,112000,224000,125,2026-04-01,refunded,card,생활용품 상품 096,생활용품,M,28,수원,2026-04
371,141,75,1,45000,45000,125,2026-04-01,refunded,card,전자기기 상품 075,전자기기,M,28,수원,2026-04
372,141,6,4,5000,20000,125,2026-04-01,refunded,card,전자기기 상품 006,전자기기,M,28,수원,2026-04
373,142,90,1,44000,44000,18,2026-04-29,completed,bank_transfer,스포츠 상품 090,스포츠,M,58,고양,2026-04
374,142,70,1,198000,198000,18,2026-04-29,completed,bank_transfer,패션 상품 070,패션,M,58,고양,2026-04
375,142,9,4,193000,772000,18,2026-04-29,completed,bank_transfer,스포츠 상품 009,스포츠,M,58,고양,2026-04
376,143,37,4,193000,772000,59,2025-12-28,cancelled,card,뷰티 상품 037,뷰티,F,26,수원,2025-12
377,144,99,2,200000,400000,26,2025-10-19,cancelled,card,뷰티 상품 099,뷰티,F,56,대구,2025-10
378,144,99,4,200000,800000,26,2025-10-19,cancelled,card,뷰티 상품 099,뷰티,F,56,대구,2025-10
379,145,49,4,161000,644000,43,2026-07-30,completed,kakao_pay,전자기기 상품 049,전자기기,M,42,고양,2026-07
380,145,49,4,161000,644000,43,2026-07-30,completed,kakao_pay,전자기기 상품 049,전자기기,M,42,고양,2026-07
381,145,11,5,115000,575000,43,2026-07-30,completed,kakao_pay,패션 상품 011,패션,M,42,고양,2026-07
382,146,84,3,78000,234000,12,2025-11-24,completed,kakao_pay,스포츠 상품 084,스포츠,F,66,대전,2025-11
383,146,16,2,81000,162000,12,2025-11-24,completed,kakao_pay,스포츠 상품 016,스포츠,F,66,대전,2025-11
384,147,68,2,140000,280000,76,2026-01-03,completed,kakao_pay,스포츠 상품 068,스포츠,M,45,울산,2026-01
385,147,94,2,124000,248000,76,2026-01-03,completed,kakao_pay,도서 상품 094,도서,M,45,울산,2026-01
386,147,1,1,160000,160000,76,2026-01-03,completed,kakao_pay,전자기기 상품 001,전자기기,M,45,울산,2026-01
387,147,39,4,77000,308000,76,2026-01-03,completed,kakao_pay,식품 상품 039,식품,M,45,울산,2026-01
388,148,69,4,157000,628000,111,2025-12-07,completed,bank_transfer,도서 상품 069,도서,F,41,광주,2025-12
389,148,30,2,115000,230000,111,2025-12-07,completed,bank_transfer,생활용품 상품 030,생활용품,F,41,광주,2025-12
390,148,59,3,32000,96000,111,2025-12-07,completed,bank_transfer,뷰티 상품 059,뷰티,F,41,광주,2025-12
391,148,20,3,80000,240000,111,2025-12-07,completed,bank_transfer,스포츠 상품 020,스포츠,F,41,광주,2025-12
392,149,93,1,89000,89000,136,2026-01-28,refunded,naver_pay,전자기기 상품 093,전자기기,M,19,대구,2026-01
393,149,5,4,186000,744000,136,2026-01-28,refunded,naver_pay,식품 상품 005,식품,M,19,대구,2026-01
394,150,31,2,153000,306000,47,2025-11-18,completed,bank_transfer,뷰티 상품 031,뷰티,F,36,울산,2025-11
395,151,13,5,164000,820000,21,2026-01-05,refunded,naver_pay,패션 상품 013,패션,M,23,인천,2026-01
396,152,58,5,197000,985000,62,2025-09-15,refunded,naver_pay,식품 상품 058,식품,F,63,광주,2025-09
397,153,32,1,172000,172000,37,2026-06-11,cancelled,bank_transfer,도서 상품 032,도서,M,65,고양,2026-06
398,154,57,2,181000,362000,66,2026-04-05,completed,naver_pay,스포츠 상품 057,스포츠,F,39,서울,2026-04
399,154,70,2,198000,396000,66,2026-04-05,completed,naver_pay,패션 상품 070,패션,F,39,서울,2026-04
400,154,97,1,154000,154000,66,2026-04-05,completed,naver_pay,전자기기 상품 097,전자기기,F,39,서울,2026-04
401,154,18,5,109000,545000,66,2026-04-05,completed,naver_pay,스포츠 상품 018,스포츠,F,39,서울,2026-04
402,155,30,5,115000,575000,3,2025-10-29,completed,naver_pay,생활용품 상품 030,생활용품,F,61,성남,2025-10
403,155,41,5,163000,815000,3,2025-10-29,completed,naver_pay,스포츠 상품 041,스포츠,F,61,성남,2025-10
404,155,77,3,71000,213000,3,2025-10-29,completed,naver_pay,전자기기 상품 077,전자기기,F,61,성남,2025-10
405,156,39,2,77000,154000,140,2025-12-25,completed,bank_transfer,식품 상품 039,식품,M,32,인천,2025-12
406,156,85,5,74000,370000,140,2025-12-25,completed,bank_transfer,생활용품 상품 085,생활용품,M,32,인천,2025-12
407,157,53,3,188000,564000,114,2025-09-27,refunded,kakao_pay,생활용품 상품 053,생활용품,F,60,성남,2025-09
408,157,36,1,126000,126000,114,2025-09-27,refunded,kakao_pay,도서 상품 036,도서,F,60,성남,2025-09
409,158,81,4,165000,660000,77,2025-10-01,completed,naver_pay,전자기기 상품 081,전자기기,M,64,서울,2025-10
410,158,72,4,189000,756000,77,2025-10-01,completed,naver_pay,뷰티 상품 072,뷰티,M,64,서울,2025-10
411,159,45,4,62000,248000,117,2026-04-12,completed,kakao_pay,패션 상품 045,패션,F,65,성남,2026-04
412,160,90,4,44000,176000,99,2026-01-01,completed,naver_pay,스포츠 상품 090,스포츠,M,25,고양,2026-01
413,160,53,2,188000,376000,99,2026-01-01,completed,naver_pay,생활용품 상품 053,생활용품,M,25,고양,2026-01
414,160,39,4,77000,308000,99,2026-01-01,completed,naver_pay,식품 상품 039,식품,M,25,고양,2026-01
415,161,97,5,154000,770000,61,2026-06-07,refunded,naver_pay,전자기기 상품 097,전자기기,M,31,성남,2026-06
416,161,61,2,50000,100000,61,2026-06-07,refunded,naver_pay,생활용품 상품 061,생활용품,M,31,성남,2026-06
417,162,39,2,77000,154000,92,2025-10-29,completed,kakao_pay,식품 상품 039,식품,M,31,서울,2025-10
418,162,60,1,113000,113000,92,2025-10-29,completed,kakao_pay,뷰티 상품 060,뷰티,M,31,서울,2025-10
419,163,54,5,103000,515000,6,2026-05-15,completed,naver_pay,스포츠 상품 054,스포츠,F,32,성남,2026-05
420,163,68,2,140000,280000,6,2026-05-15,completed,naver_pay,스포츠 상품 068,스포츠,F,32,성남,2026-05
421,163,50,2,23000,46000,6,2026-05-15,completed,naver_pay,뷰티 상품 050,뷰티,F,32,성남,2026-05
422,163,33,2,124000,248000,6,2026-05-15,completed,naver_pay,패션 상품 033,패션,F,32,성남,2026-05
423,164,83,1,24000,24000,3,2026-08-13,refunded,card,전자기기 상품 083,전자기기,F,61,성남,2026-08
424,164,58,3,197000,591000,3,2026-08-13,refunded,card,식품 상품 058,식품,F,61,성남,2026-08
425,164,12,5,175000,875000,3,2026-08-13,refunded,card,식품 상품 012,식품,F,61,성남,2026-08
426,165,7,3,142000,426000,128,2026-06-29,completed,kakao_pay,도서 상품 007,도서,F,41,고양,2026-06
427,165,49,5,161000,805000,128,2026-06-29,completed,kakao_pay,전자기기 상품 049,전자기기,F,41,고양,2026-06
428,166,10,2,55000,110000,91,2026-03-19,completed,bank_transfer,스포츠 상품 010,스포츠,M,27,인천,2026-03
429,167,62,2,183000,366000,65,2025-10-19,completed,bank_transfer,뷰티 상품 062,뷰티,F,33,인천,2025-10
430,167,43,3,197000,591000,65,2025-10-19,completed,bank_transfer,뷰티 상품 043,뷰티,F,33,인천,2025-10
431,168,28,2,5000,10000,11,2026-08-14,cancelled,kakao_pay,뷰티 상품 028,뷰티,M,35,대구,2026-08
432,169,96,4,112000,448000,9,2025-09-14,completed,kakao_pay,생활용품 상품 096,생활용품,M,69,서울,2025-09
433,170,90,5,44000,220000,24,2026-04-20,completed,kakao_pay,스포츠 상품 090,스포츠,F,41,대전,2026-04
434,170,91,2,59000,118000,24,2026-04-20,completed,kakao_pay,스포츠 상품 091,스포츠,F,41,대전,2026-04
435,171,31,5,153000,765000,107,2025-12-29,completed,bank_transfer,뷰티 상품 031,뷰티,F,47,고양,2025-12
436,171,42,3,28000,84000,107,2025-12-29,completed,bank_transfer,패션 상품 042,패션,F,47,고양,2025-12
437,171,49,4,161000,644000,107,2025-12-29,completed,bank_transfer,전자기기 상품 049,전자기기,F,47,고양,2025-12
438,171,69,3,157000,471000,107,2025-12-29,completed,bank_transfer,도서 상품 069,도서,F,47,고양,2025-12
439,172,34,3,118000,354000,34,2026-03-11,refunded,kakao_pay,전자기기 상품 034,전자기기,M,59,수원,2026-03
440,172,66,4,39000,156000,34,2026-03-11,refunded,kakao_pay,전자기기 상품 066,전자기기,M,59,수원,2026-03
441,172,60,1,113000,113000,34,2026-03-11,refunded,kakao_pay,뷰티 상품 060,뷰티,M,59,수원,2026-03
442,173,98,3,10000,30000,129,2026-03-14,completed,kakao_pay,스포츠 상품 098,스포츠,F,45,대구,2026-03
443,173,27,3,145000,435000,129,2026-03-14,completed,kakao_pay,전자기기 상품 027,전자기기,F,45,대구,2026-03
444,173,41,4,163000,652000,129,2026-03-14,completed,kakao_pay,스포츠 상품 041,스포츠,F,45,대구,2026-03
445,173,6,5,5000,25000,129,2026-03-14,completed,kakao_pay,전자기기 상품 006,전자기기,F,45,대구,2026-03
446,174,95,2,20000,40000,66,2026-02-28,completed,naver_pay,전자기기 상품 095,전자기기,F,39,서울,2026-02
447,174,3,3,152000,456000,66,2026-02-28,completed,naver_pay,전자기기 상품 003,전자기기,F,39,서울,2026-02
448,175,38,2,173000,346000,87,2026-01-20,cancelled,card,생활용품 상품 038,생활용품,M,31,울산,2026-01
449,175,26,3,82000,246000,87,2026-01-20,cancelled,card,도서 상품 026,도서,M,31,울산,2026-01
450,175,30,4,115000,460000,87,2026-01-20,cancelled,card,생활용품 상품 030,생활용품,M,31,울산,2026-01
451,175,73,2,114000,228000,87,2026-01-20,cancelled,card,도서 상품 073,도서,M,31,울산,2026-01
452,176,71,3,161000,483000,20,2025-11-20,completed,bank_transfer,전자기기 상품 071,전자기기,F,20,인천,2025-11
453,176,33,4,124000,496000,20,2025-11-20,completed,bank_transfer,패션 상품 033,패션,F,20,인천,2025-11
454,176,93,4,89000,356000,20,2025-11-20,completed,bank_transfer,전자기기 상품 093,전자기기,F,20,인천,2025-11
455,176,59,2,32000,64000,20,2025-11-20,completed,bank_transfer,뷰티 상품 059,뷰티,F,20,인천,2025-11
456,177,22,2,112000,224000,102,2025-09-29,completed,kakao_pay,생활용품 상품 022,생활용품,M,60,고양,2025-09
457,177,93,5,89000,445000,102,2025-09-29,completed,kakao_pay,전자기기 상품 093,전자기기,M,60,고양,2025-09
458,177,63,2,123000,246000,102,2025-09-29,completed,kakao_pay,도서 상품 063,도서,M,60,고양,2025-09
459,178,68,1,140000,140000,102,2025-12-17,completed,card,스포츠 상품 068,스포츠,M,60,고양,2025-12
460,179,86,1,86000,86000,138,2026-09-10,cancelled,card,패션 상품 086,패션,F,35,대구,2026-09
461,180,53,2,188000,376000,95,2026-08-10,refunded,kakao_pay,생활용품 상품 053,생활용품,M,50,성남,2026-08
462,181,9,2,193000,386000,98,2026-03-14,completed,kakao_pay,스포츠 상품 009,스포츠,F,61,인천,2026-03
463,181,2,2,34000,68000,98,2026-03-14,completed,kakao_pay,도서 상품 002,도서,F,61,인천,2026-03
464,182,48,1,67000,67000,60,2025-10-24,completed,naver_pay,식품 상품 048,식품,F,34,성남,2025-10
465,182,80,5,138000,690000,60,2025-10-24,completed,naver_pay,패션 상품 080,패션,F,34,성남,2025-10
466,182,62,4,183000,732000,60,2025-10-24,completed,naver_pay,뷰티 상품 062,뷰티,F,34,성남,2025-10
467,182,3,1,152000,152000,60,2025-10-24,completed,naver_pay,전자기기 상품 003,전자기기,F,34,성남,2025-10
468,183,2,1,34000,34000,144,2026-07-26,refunded,kakao_pay,도서 상품 002,도서,M,22,광주,2026-07
469,183,68,3,140000,420000,144,2026-07-26,refunded,kakao_pay,스포츠 상품 068,스포츠,M,22,광주,2026-07
470,183,69,3,157000,471000,144,2026-07-26,refunded,kakao_pay,도서 상품 069,도서,M,22,광주,2026-07
471,183,3,5,152000,760000,144,2026-07-26,refunded,kakao_pay,전자기기 상품 003,전자기기,M,22,광주,2026-07
472,184,23,1,102000,102000,57,2025-10-05,cancelled,card,스포츠 상품 023,스포츠,F,23,수원,2025-10
473,184,13,5,164000,820000,57,2025-10-05,cancelled,card,패션 상품 013,패션,F,23,수원,2025-10
474,184,20,2,80000,160000,57,2025-10-05,cancelled,card,스포츠 상품 020,스포츠,F,23,수원,2025-10
475,184,25,5,162000,810000,57,2025-10-05,cancelled,card,생활용품 상품 025,생활용품,F,23,수원,2025-10
476,185,46,3,55000,165000,78,2026-02-12,completed,naver_pay,뷰티 상품 046,뷰티,F,21,울산,2026-02
477,185,51,1,111000,111000,78,2026-02-12,completed,naver_pay,전자기기 상품 051,전자기기,F,21,울산,2026-02
478,185,48,4,67000,268000,78,2026-02-12,completed,naver_pay,식품 상품 048,식품,F,21,울산,2026-02
479,186,73,2,114000,228000,36,2026-03-19,completed,card,도서 상품 073,도서,F,65,성남,2026-03
480,186,90,2,44000,88000,36,2026-03-19,completed,card,스포츠 상품 090,스포츠,F,65,성남,2026-03
481,186,39,1,77000,77000,36,2026-03-19,completed,card,식품 상품 039,식품,F,65,성남,2026-03
482,186,84,1,78000,78000,36,2026-03-19,completed,card,스포츠 상품 084,스포츠,F,65,성남,2026-03
483,187,52,4,152000,608000,78,2025-10-08,completed,naver_pay,스포츠 상품 052,스포츠,F,21,울산,2025-10
484,188,71,4,161000,644000,25,2026-04-22,refunded,bank_transfer,전자기기 상품 071,전자기기,F,60,광주,2026-04
485,188,8,1,189000,189000,25,2026-04-22,refunded,bank_transfer,스포츠 상품 008,스포츠,F,60,광주,2026-04
486,188,90,2,44000,88000,25,2026-04-22,refunded,bank_transfer,스포츠 상품 090,스포츠,F,60,광주,2026-04
487,188,11,4,115000,460000,25,2026-04-22,refunded,bank_transfer,패션 상품 011,패션,F,60,광주,2026-04
488,189,83,3,24000,72000,35,2026-05-12,cancelled,naver_pay,전자기기 상품 083,전자기기,F,34,대구,2026-05
489,189,73,1,114000,114000,35,2026-05-12,cancelled,naver_pay,도서 상품 073,도서,F,34,대구,2026-05
490,189,68,1,140000,140000,35,2026-05-12,cancelled,naver_pay,스포츠 상품 068,스포츠,F,34,대구,2026-05
491,189,30,2,115000,230000,35,2026-05-12,cancelled,naver_pay,생활용품 상품 030,생활용품,F,34,대구,2026-05
492,190,35,1,59000,59000,95,2026-06-03,refunded,naver_pay,스포츠 상품 035,스포츠,M,50,성남,2026-06
493,190,10,3,55000,165000,95,2026-06-03,refunded,naver_pay,스포츠 상품 010,스포츠,M,50,성남,2026-06
494,190,70,5,198000,990000,95,2026-06-03,refunded,naver_pay,패션 상품 070,패션,M,50,성남,2026-06
495,190,85,1,74000,74000,95,2026-06-03,refunded,naver_pay,생활용품 상품 085,생활용품,M,50,성남,2026-06
496,191,41,1,163000,163000,40,2025-09-30,completed,naver_pay,스포츠 상품 041,스포츠,M,23,서울,2025-09
497,191,27,5,145000,725000,40,2025-09-30,completed,naver_pay,전자기기 상품 027,전자기기,M,23,서울,2025-09
498,192,97,4,154000,616000,126,2025-11-07,completed,naver_pay,전자기기 상품 097,전자기기,M,53,서울,2025-11
499,192,10,3,55000,165000,126,2025-11-07,completed,naver_pay,스포츠 상품 010,스포츠,M,53,서울,2025-11
500,193,73,2,114000,228000,9,2025-11-06,completed,kakao_pay,도서 상품 073,도서,M,69,서울,2025-11
501,193,73,4,114000,456000,9,2025-11-06,completed,kakao_pay,도서 상품 073,도서,M,69,서울,2025-11
502,194,50,2,23000,46000,114,2026-07-22,completed,naver_pay,뷰티 상품 050,뷰티,F,60,성남,2026-07
503,194,89,1,103000,103000,114,2026-07-22,completed,naver_pay,생활용품 상품 089,생활용품,F,60,성남,2026-07
504,194,65,3,36000,108000,114,2026-07-22,completed,naver_pay,생활용품 상품 065,생활용품,F,60,성남,2026-07
505,195,13,4,164000,656000,93,2026-04-16,completed,card,패션 상품 013,패션,F,65,대전,2026-04
506,196,10,3,55000,165000,140,2026-01-05,completed,kakao_pay,스포츠 상품 010,스포츠,M,32,인천,2026-01
507,196,78,5,68000,340000,140,2026-01-05,completed,kakao_pay,뷰티 상품 078,뷰티,M,32,인천,2026-01
508,197,100,3,102000,306000,102,2025-10-13,completed,kakao_pay,도서 상품 100,도서,M,60,고양,2025-10
509,197,4,3,70000,210000,102,2025-10-13,completed,kakao_pay,생활용품 상품 004,생활용품,M,60,고양,2025-10
510,197,58,4,197000,788000,102,2025-10-13,completed,kakao_pay,식품 상품 058,식품,M,60,고양,2025-10
511,197,30,3,115000,345000,102,2025-10-13,completed,kakao_pay,생활용품 상품 030,생활용품,M,60,고양,2025-10
512,198,56,2,42000,84000,32,2025-12-15,completed,naver_pay,생활용품 상품 056,생활용품,F,31,고양,2025-12
513,198,88,5,43000,215000,32,2025-12-15,completed,naver_pay,생활용품 상품 088,생활용품,F,31,고양,2025-12
514,198,85,4,74000,296000,32,2025-12-15,completed,naver_pay,생활용품 상품 085,생활용품,F,31,고양,2025-12
515,198,11,5,115000,575000,32,2025-12-15,completed,naver_pay,패션 상품 011,패션,F,31,고양,2025-12
516,199,32,1,172000,172000,55,2025-10-26,completed,card,도서 상품 032,도서,M,69,광주,2025-10
517,199,11,3,115000,345000,55,2025-10-26,completed,card,패션 상품 011,패션,M,69,광주,2025-10
518,199,20,4,80000,320000,55,2025-10-26,completed,card,스포츠 상품 020,스포츠,M,69,광주,2025-10
519,200,95,4,20000,80000,86,2026-04-14,completed,bank_transfer,전자기기 상품 095,전자기기,F,44,수원,2026-04
520,200,41,3,163000,489000,86,2026-04-14,completed,bank_transfer,스포츠 상품 041,스포츠,F,44,수원,2026-04
521,201,12,1,175000,175000,145,2026-07-03,completed,bank_transfer,식품 상품 012,식품,M,59,성남,2026-07
522,202,57,3,181000,543000,142,2026-02-18,refunded,bank_transfer,스포츠 상품 057,스포츠,F,32,서울,2026-02
523,202,98,3,10000,30000,142,2026-02-18,refunded,bank_transfer,스포츠 상품 098,스포츠,F,32,서울,2026-02
524,202,14,2,174000,348000,142,2026-02-18,refunded,bank_transfer,패션 상품 014,패션,F,32,서울,2026-02
525,203,24,4,196000,784000,56,2026-05-03,completed,bank_transfer,스포츠 상품 024,스포츠,F,21,인천,2026-05
526,204,72,5,189000,945000,38,2026-04-29,completed,card,뷰티 상품 072,뷰티,M,55,울산,2026-04
527,204,66,4,39000,156000,38,2026-04-29,completed,card,전자기기 상품 066,전자기기,M,55,울산,2026-04
528,204,14,1,174000,174000,38,2026-04-29,completed,card,패션 상품 014,패션,M,55,울산,2026-04
529,204,12,3,175000,525000,38,2026-04-29,completed,card,식품 상품 012,식품,M,55,울산,2026-04
530,205,77,5,71000,355000,38,2026-07-14,refunded,bank_transfer,전자기기 상품 077,전자기기,M,55,울산,2026-07
531,206,50,1,23000,23000,65,2026-05-08,completed,bank_transfer,뷰티 상품 050,뷰티,F,33,인천,2026-05
532,206,38,4,173000,692000,65,2026-05-08,completed,bank_transfer,생활용품 상품 038,생활용품,F,33,인천,2026-05
533,206,50,1,23000,23000,65,2026-05-08,completed,bank_transfer,뷰티 상품 050,뷰티,F,33,인천,2026-05
534,207,74,5,145000,725000,7,2025-12-06,completed,bank_transfer,뷰티 상품 074,뷰티,F,53,인천,2025-12
535,207,22,4,112000,448000,7,2025-12-06,completed,bank_transfer,생활용품 상품 022,생활용품,F,53,인천,2025-12
536,208,18,3,109000,327000,92,2026-07-08,refunded,bank_transfer,스포츠 상품 018,스포츠,M,31,서울,2026-07
537,208,39,3,77000,231000,92,2026-07-08,refunded,bank_transfer,식품 상품 039,식품,M,31,서울,2026-07
538,209,19,1,108000,108000,83,2026-03-31,completed,card,패션 상품 019,패션,F,22,수원,2026-03
539,209,22,4,112000,448000,83,2026-03-31,completed,card,생활용품 상품 022,생활용품,F,22,수원,2026-03
540,209,36,4,126000,504000,83,2026-03-31,completed,card,도서 상품 036,도서,F,22,수원,2026-03
541,209,39,4,77000,308000,83,2026-03-31,completed,card,식품 상품 039,식품,F,22,수원,2026-03
542,210,47,3,11000,33000,68,2026-02-04,completed,card,생활용품 상품 047,생활용품,F,22,서울,2026-02
543,211,93,4,89000,356000,108,2026-03-03,completed,card,전자기기 상품 093,전자기기,F,22,성남,2026-03
544,211,77,5,71000,355000,108,2026-03-03,completed,card,전자기기 상품 077,전자기기,F,22,성남,2026-03
545,212,59,1,32000,32000,122,2026-08-28,completed,naver_pay,뷰티 상품 059,뷰티,F,58,울산,2026-08
546,212,18,3,109000,327000,122,2026-08-28,completed,naver_pay,스포츠 상품 018,스포츠,F,58,울산,2026-08
547,213,51,3,111000,333000,132,2026-02-28,cancelled,card,전자기기 상품 051,전자기기,F,60,부산,2026-02
548,214,43,4,197000,788000,129,2026-01-03,refunded,bank_transfer,뷰티 상품 043,뷰티,F,45,대구,2026-01
549,214,43,4,197000,788000,129,2026-01-03,refunded,bank_transfer,뷰티 상품 043,뷰티,F,45,대구,2026-01
550,214,84,5,78000,390000,129,2026-01-03,refunded,bank_transfer,스포츠 상품 084,스포츠,F,45,대구,2026-01
551,214,18,3,109000,327000,129,2026-01-03,refunded,bank_transfer,스포츠 상품 018,스포츠,F,45,대구,2026-01
552,215,78,2,68000,136000,12,2026-08-10,cancelled,kakao_pay,뷰티 상품 078,뷰티,F,66,대전,2026-08
553,215,62,3,183000,549000,12,2026-08-10,cancelled,kakao_pay,뷰티 상품 062,뷰티,F,66,대전,2026-08
554,215,23,4,102000,408000,12,2026-08-10,cancelled,kakao_pay,스포츠 상품 023,스포츠,F,66,대전,2026-08
555,216,38,4,173000,692000,8,2026-04-26,cancelled,card,생활용품 상품 038,생활용품,M,32,수원,2026-04
556,216,74,2,145000,290000,8,2026-04-26,cancelled,card,뷰티 상품 074,뷰티,M,32,수원,2026-04
557,216,42,4,28000,112000,8,2026-04-26,cancelled,card,패션 상품 042,패션,M,32,수원,2026-04
558,217,51,3,111000,333000,103,2026-02-23,completed,naver_pay,전자기기 상품 051,전자기기,M,34,인천,2026-02
559,217,15,5,36000,180000,103,2026-02-23,completed,naver_pay,뷰티 상품 015,뷰티,M,34,인천,2026-02
560,217,26,5,82000,410000,103,2026-02-23,completed,naver_pay,도서 상품 026,도서,M,34,인천,2026-02
561,218,88,5,43000,215000,126,2026-01-06,completed,naver_pay,생활용품 상품 088,생활용품,M,53,서울,2026-01
562,218,4,4,70000,280000,126,2026-01-06,completed,naver_pay,생활용품 상품 004,생활용품,M,53,서울,2026-01
563,219,57,3,181000,543000,21,2026-04-18,refunded,kakao_pay,스포츠 상품 057,스포츠,M,23,인천,2026-04
564,219,89,1,103000,103000,21,2026-04-18,refunded,kakao_pay,생활용품 상품 089,생활용품,M,23,인천,2026-04
565,220,87,4,25000,100000,38,2026-05-09,completed,card,도서 상품 087,도서,M,55,울산,2026-05
566,220,18,3,109000,327000,38,2026-05-09,completed,card,스포츠 상품 018,스포츠,M,55,울산,2026-05
567,220,31,3,153000,459000,38,2026-05-09,completed,card,뷰티 상품 031,뷰티,M,55,울산,2026-05
568,220,85,2,74000,148000,38,2026-05-09,completed,card,생활용품 상품 085,생활용품,M,55,울산,2026-05
569,221,49,1,161000,161000,71,2025-10-03,cancelled,kakao_pay,전자기기 상품 049,전자기기,F,35,수원,2025-10
570,221,58,5,197000,985000,71,2025-10-03,cancelled,kakao_pay,식품 상품 058,식품,F,35,수원,2025-10
571,221,62,5,183000,915000,71,2025-10-03,cancelled,kakao_pay,뷰티 상품 062,뷰티,F,35,수원,2025-10
572,221,52,5,152000,760000,71,2025-10-03,cancelled,kakao_pay,스포츠 상품 052,스포츠,F,35,수원,2025-10
573,222,70,1,198000,198000,136,2026-05-04,cancelled,kakao_pay,패션 상품 070,패션,M,19,대구,2026-05
574,222,47,5,11000,55000,136,2026-05-04,cancelled,kakao_pay,생활용품 상품 047,생활용품,M,19,대구,2026-05
575,222,77,1,71000,71000,136,2026-05-04,cancelled,kakao_pay,전자기기 상품 077,전자기기,M,19,대구,2026-05
576,222,14,2,174000,348000,136,2026-05-04,cancelled,kakao_pay,패션 상품 014,패션,M,19,대구,2026-05
577,223,22,5,112000,560000,130,2026-06-24,completed,naver_pay,생활용품 상품 022,생활용품,F,37,대전,2026-06
578,223,6,5,5000,25000,130,2026-06-24,completed,naver_pay,전자기기 상품 006,전자기기,F,37,대전,2026-06
579,223,83,4,24000,96000,130,2026-06-24,completed,naver_pay,전자기기 상품 083,전자기기,F,37,대전,2026-06
580,224,56,1,42000,42000,30,2025-10-18,cancelled,bank_transfer,생활용품 상품 056,생활용품,F,32,서울,2025-10
581,224,2,1,34000,34000,30,2025-10-18,cancelled,bank_transfer,도서 상품 002,도서,F,32,서울,2025-10
582,224,34,2,118000,236000,30,2025-10-18,cancelled,bank_transfer,전자기기 상품 034,전자기기,F,32,서울,2025-10
583,225,58,3,197000,591000,116,2026-07-03,cancelled,bank_transfer,식품 상품 058,식품,F,34,부산,2026-07
584,225,51,4,111000,444000,116,2026-07-03,cancelled,bank_transfer,전자기기 상품 051,전자기기,F,34,부산,2026-07
585,226,45,1,62000,62000,87,2025-11-29,cancelled,naver_pay,패션 상품 045,패션,M,31,울산,2025-11
586,226,62,1,183000,183000,87,2025-11-29,cancelled,naver_pay,뷰티 상품 062,뷰티,M,31,울산,2025-11
587,227,54,1,103000,103000,107,2026-05-10,completed,card,스포츠 상품 054,스포츠,F,47,고양,2026-05
588,227,15,2,36000,72000,107,2026-05-10,completed,card,뷰티 상품 015,뷰티,F,47,고양,2026-05
589,227,45,3,62000,186000,107,2026-05-10,completed,card,패션 상품 045,패션,F,47,고양,2026-05
590,228,59,2,32000,64000,110,2025-11-30,completed,kakao_pay,뷰티 상품 059,뷰티,F,40,부산,2025-11
591,228,67,4,123000,492000,110,2025-11-30,completed,kakao_pay,뷰티 상품 067,뷰티,F,40,부산,2025-11
592,228,45,4,62000,248000,110,2025-11-30,completed,kakao_pay,패션 상품 045,패션,F,40,부산,2025-11
593,229,57,4,181000,724000,96,2025-12-21,cancelled,bank_transfer,스포츠 상품 057,스포츠,F,21,성남,2025-12
594,230,9,3,193000,579000,18,2026-05-24,completed,card,스포츠 상품 009,스포츠,M,58,고양,2026-05
595,230,6,1,5000,5000,18,2026-05-24,completed,card,전자기기 상품 006,전자기기,M,58,고양,2026-05
596,230,3,3,152000,456000,18,2026-05-24,completed,card,전자기기 상품 003,전자기기,M,58,고양,2026-05
597,231,87,2,25000,50000,24,2025-10-11,completed,naver_pay,도서 상품 087,도서,F,41,대전,2025-10
598,232,67,2,123000,246000,96,2025-11-09,refunded,bank_transfer,뷰티 상품 067,뷰티,F,21,성남,2025-11
599,232,71,2,161000,322000,96,2025-11-09,refunded,bank_transfer,전자기기 상품 071,전자기기,F,21,성남,2025-11
600,233,72,4,189000,756000,16,2025-12-12,completed,kakao_pay,뷰티 상품 072,뷰티,M,52,부산,2025-12
601,233,60,2,113000,226000,16,2025-12-12,completed,kakao_pay,뷰티 상품 060,뷰티,M,52,부산,2025-12
602,233,52,2,152000,304000,16,2025-12-12,completed,kakao_pay,스포츠 상품 052,스포츠,M,52,부산,2025-12
603,234,82,4,75000,300000,106,2025-11-16,cancelled,kakao_pay,생활용품 상품 082,생활용품,M,38,부산,2025-11
604,234,51,1,111000,111000,106,2025-11-16,cancelled,kakao_pay,전자기기 상품 051,전자기기,M,38,부산,2025-11
605,235,58,5,197000,985000,14,2026-04-12,refunded,kakao_pay,식품 상품 058,식품,F,40,대전,2026-04
606,235,55,4,107000,428000,14,2026-04-12,refunded,kakao_pay,전자기기 상품 055,전자기기,F,40,대전,2026-04
607,236,91,2,59000,118000,80,2025-10-09,completed,kakao_pay,스포츠 상품 091,스포츠,F,30,인천,2025-10
608,237,36,1,126000,126000,148,2025-11-09,completed,bank_transfer,도서 상품 036,도서,M,29,고양,2025-11
609,237,74,1,145000,145000,148,2025-11-09,completed,bank_transfer,뷰티 상품 074,뷰티,M,29,고양,2025-11
610,238,47,3,11000,33000,124,2025-09-11,completed,bank_transfer,생활용품 상품 047,생활용품,M,67,대구,2025-09
611,238,26,4,82000,328000,124,2025-09-11,completed,bank_transfer,도서 상품 026,도서,M,67,대구,2025-09
612,239,34,4,118000,472000,90,2026-02-15,completed,kakao_pay,전자기기 상품 034,전자기기,M,36,울산,2026-02
613,240,77,4,71000,284000,72,2026-03-03,cancelled,bank_transfer,전자기기 상품 077,전자기기,F,52,대구,2026-03
614,240,79,4,168000,672000,72,2026-03-03,cancelled,bank_transfer,뷰티 상품 079,뷰티,F,52,대구,2026-03
615,240,76,1,126000,126000,72,2026-03-03,cancelled,bank_transfer,스포츠 상품 076,스포츠,F,52,대구,2026-03
616,241,46,4,55000,220000,144,2026-06-04,refunded,card,뷰티 상품 046,뷰티,M,22,광주,2026-06
617,241,80,2,138000,276000,144,2026-06-04,refunded,card,패션 상품 080,패션,M,22,광주,2026-06
618,241,87,3,25000,75000,144,2026-06-04,refunded,card,도서 상품 087,도서,M,22,광주,2026-06
619,242,87,2,25000,50000,69,2026-04-28,completed,card,도서 상품 087,도서,F,22,서울,2026-04
620,243,16,2,81000,162000,70,2026-03-11,completed,kakao_pay,스포츠 상품 016,스포츠,M,22,성남,2026-03
621,243,40,1,174000,174000,70,2026-03-11,completed,kakao_pay,도서 상품 040,도서,M,22,성남,2026-03
622,243,24,3,196000,588000,70,2026-03-11,completed,kakao_pay,스포츠 상품 024,스포츠,M,22,성남,2026-03
623,244,66,4,39000,156000,90,2026-01-01,completed,card,전자기기 상품 066,전자기기,M,36,울산,2026-01
624,244,54,5,103000,515000,90,2026-01-01,completed,card,스포츠 상품 054,스포츠,M,36,울산,2026-01
625,245,74,4,145000,580000,37,2025-09-22,completed,naver_pay,뷰티 상품 074,뷰티,M,65,고양,2025-09
626,245,55,2,107000,214000,37,2025-09-22,completed,naver_pay,전자기기 상품 055,전자기기,M,65,고양,2025-09
627,246,82,5,75000,375000,37,2025-12-08,completed,card,생활용품 상품 082,생활용품,M,65,고양,2025-12
628,246,89,2,103000,206000,37,2025-12-08,completed,card,생활용품 상품 089,생활용품,M,65,고양,2025-12
629,246,72,2,189000,378000,37,2025-12-08,completed,card,뷰티 상품 072,뷰티,M,65,고양,2025-12
630,246,63,3,123000,369000,37,2025-12-08,completed,card,도서 상품 063,도서,M,65,고양,2025-12
631,247,24,3,196000,588000,136,2025-12-30,cancelled,bank_transfer,스포츠 상품 024,스포츠,M,19,대구,2025-12
632,247,58,5,197000,985000,136,2025-12-30,cancelled,bank_transfer,식품 상품 058,식품,M,19,대구,2025-12
633,248,46,1,55000,55000,108,2026-06-11,completed,naver_pay,뷰티 상품 046,뷰티,F,22,성남,2026-06
634,249,18,2,109000,218000,41,2025-12-28,completed,kakao_pay,스포츠 상품 018,스포츠,F,27,대구,2025-12
635,249,50,5,23000,115000,41,2025-12-28,completed,kakao_pay,뷰티 상품 050,뷰티,F,27,대구,2025-12
636,249,65,4,36000,144000,41,2025-12-28,completed,kakao_pay,생활용품 상품 065,생활용품,F,27,대구,2025-12
637,249,53,4,188000,752000,41,2025-12-28,completed,kakao_pay,생활용품 상품 053,생활용품,F,27,대구,2025-12
638,250,91,4,59000,236000,84,2026-06-10,completed,card,스포츠 상품 091,스포츠,F,21,성남,2026-06
639,250,63,2,123000,246000,84,2026-06-10,completed,card,도서 상품 063,도서,F,21,성남,2026-06
640,250,11,5,115000,575000,84,2026-06-10,completed,card,패션 상품 011,패션,F,21,성남,2026-06
641,250,4,2,70000,140000,84,2026-06-10,completed,card,생활용품 상품 004,생활용품,F,21,성남,2026-06
642,251,5,3,186000,558000,40,2026-08-09,refunded,bank_transfer,식품 상품 005,식품,M,23,서울,2026-08
643,251,29,5,78000,390000,40,2026-08-09,refunded,bank_transfer,패션 상품 029,패션,M,23,서울,2026-08
644,251,37,2,193000,386000,40,2026-08-09,refunded,bank_transfer,뷰티 상품 037,뷰티,M,23,서울,2026-08
645,252,73,4,114000,456000,13,2026-03-05,completed,card,도서 상품 073,도서,F,23,울산,2026-03
646,252,71,5,161000,805000,13,2026-03-05,completed,card,전자기기 상품 071,전자기기,F,23,울산,2026-03
647,252,15,5,36000,180000,13,2026-03-05,completed,card,뷰티 상품 015,뷰티,F,23,울산,2026-03
648,252,15,3,36000,108000,13,2026-03-05,completed,card,뷰티 상품 015,뷰티,F,23,울산,2026-03
649,253,70,1,198000,198000,114,2025-10-07,cancelled,naver_pay,패션 상품 070,패션,F,60,성남,2025-10
650,253,98,4,10000,40000,114,2025-10-07,cancelled,naver_pay,스포츠 상품 098,스포츠,F,60,성남,2025-10
651,253,70,2,198000,396000,114,2025-10-07,cancelled,naver_pay,패션 상품 070,패션,F,60,성남,2025-10
652,254,14,2,174000,348000,114,2026-06-03,completed,naver_pay,패션 상품 014,패션,F,60,성남,2026-06
653,254,39,1,77000,77000,114,2026-06-03,completed,naver_pay,식품 상품 039,식품,F,60,성남,2026-06
654,254,58,3,197000,591000,114,2026-06-03,completed,naver_pay,식품 상품 058,식품,F,60,성남,2026-06
655,254,45,1,62000,62000,114,2026-06-03,completed,naver_pay,패션 상품 045,패션,F,60,성남,2026-06
656,255,16,2,81000,162000,56,2025-12-09,completed,card,스포츠 상품 016,스포츠,F,21,인천,2025-12
657,255,27,5,145000,725000,56,2025-12-09,completed,card,전자기기 상품 027,전자기기,F,21,인천,2025-12
658,255,89,3,103000,309000,56,2025-12-09,completed,card,생활용품 상품 089,생활용품,F,21,인천,2025-12
659,255,91,5,59000,295000,56,2025-12-09,completed,card,스포츠 상품 091,스포츠,F,21,인천,2025-12
660,256,22,5,112000,560000,111,2026-09-03,completed,card,생활용품 상품 022,생활용품,F,41,광주,2026-09
661,256,18,2,109000,218000,111,2026-09-03,completed,card,스포츠 상품 018,스포츠,F,41,광주,2026-09
662,256,27,1,145000,145000,111,2026-09-03,completed,card,전자기기 상품 027,전자기기,F,41,광주,2026-09
663,256,73,3,114000,342000,111,2026-09-03,completed,card,도서 상품 073,도서,F,41,광주,2026-09
664,257,77,5,71000,355000,125,2025-12-21,completed,kakao_pay,전자기기 상품 077,전자기기,M,28,수원,2025-12
665,257,22,3,112000,336000,125,2025-12-21,completed,kakao_pay,생활용품 상품 022,생활용품,M,28,수원,2025-12
666,257,91,3,59000,177000,125,2025-12-21,completed,kakao_pay,스포츠 상품 091,스포츠,M,28,수원,2025-12
667,258,74,3,145000,435000,57,2026-07-12,refunded,naver_pay,뷰티 상품 074,뷰티,F,23,수원,2026-07
668,258,66,1,39000,39000,57,2026-07-12,refunded,naver_pay,전자기기 상품 066,전자기기,F,23,수원,2026-07
669,258,18,4,109000,436000,57,2026-07-12,refunded,naver_pay,스포츠 상품 018,스포츠,F,23,수원,2026-07
670,259,36,2,126000,252000,15,2026-07-14,completed,card,도서 상품 036,도서,M,69,서울,2026-07
671,260,32,2,172000,344000,78,2026-05-10,completed,bank_transfer,도서 상품 032,도서,F,21,울산,2026-05
672,260,92,3,111000,333000,78,2026-05-10,completed,bank_transfer,식품 상품 092,식품,F,21,울산,2026-05
673,261,98,4,10000,40000,66,2026-04-27,completed,kakao_pay,스포츠 상품 098,스포츠,F,39,서울,2026-04
674,261,63,2,123000,246000,66,2026-04-27,completed,kakao_pay,도서 상품 063,도서,F,39,서울,2026-04
675,262,81,4,165000,660000,31,2026-05-24,cancelled,card,전자기기 상품 081,전자기기,M,43,광주,2026-05
676,262,49,4,161000,644000,31,2026-05-24,cancelled,card,전자기기 상품 049,전자기기,M,43,광주,2026-05
677,262,10,1,55000,55000,31,2026-05-24,cancelled,card,스포츠 상품 010,스포츠,M,43,광주,2026-05
678,263,66,3,39000,117000,111,2026-07-19,completed,bank_transfer,전자기기 상품 066,전자기기,F,41,광주,2026-07
679,263,89,3,103000,309000,111,2026-07-19,completed,bank_transfer,생활용품 상품 089,생활용품,F,41,광주,2026-07
680,263,59,4,32000,128000,111,2026-07-19,completed,bank_transfer,뷰티 상품 059,뷰티,F,41,광주,2026-07
681,263,42,5,28000,140000,111,2026-07-19,completed,bank_transfer,패션 상품 042,패션,F,41,광주,2026-07
682,264,100,1,102000,102000,98,2026-09-07,refunded,bank_transfer,도서 상품 100,도서,F,61,인천,2026-09
683,265,82,3,75000,225000,144,2025-11-25,completed,kakao_pay,생활용품 상품 082,생활용품,M,22,광주,2025-11
684,265,9,5,193000,965000,144,2025-11-25,completed,kakao_pay,스포츠 상품 009,스포츠,M,22,광주,2025-11
685,265,51,2,111000,222000,144,2025-11-25,completed,kakao_pay,전자기기 상품 051,전자기기,M,22,광주,2025-11
686,265,55,2,107000,214000,144,2025-11-25,completed,kakao_pay,전자기기 상품 055,전자기기,M,22,광주,2025-11
687,266,35,3,59000,177000,102,2026-02-22,cancelled,card,스포츠 상품 035,스포츠,M,60,고양,2026-02
688,266,37,3,193000,579000,102,2026-02-22,cancelled,card,뷰티 상품 037,뷰티,M,60,고양,2026-02
689,266,71,5,161000,805000,102,2026-02-22,cancelled,card,전자기기 상품 071,전자기기,M,60,고양,2026-02
690,266,17,5,84000,420000,102,2026-02-22,cancelled,card,도서 상품 017,도서,M,60,고양,2026-02
691,267,44,1,177000,177000,5,2025-10-24,completed,naver_pay,생활용품 상품 044,생활용품,F,19,부산,2025-10
692,267,6,1,5000,5000,5,2025-10-24,completed,naver_pay,전자기기 상품 006,전자기기,F,19,부산,2025-10
693,267,81,4,165000,660000,5,2025-10-24,completed,naver_pay,전자기기 상품 081,전자기기,F,19,부산,2025-10
694,267,3,1,152000,152000,5,2025-10-24,completed,naver_pay,전자기기 상품 003,전자기기,F,19,부산,2025-10
695,268,57,4,181000,724000,81,2026-04-09,refunded,naver_pay,스포츠 상품 057,스포츠,M,26,울산,2026-04
696,268,1,4,160000,640000,81,2026-04-09,refunded,naver_pay,전자기기 상품 001,전자기기,M,26,울산,2026-04
697,269,89,2,103000,206000,104,2025-12-06,completed,naver_pay,생활용품 상품 089,생활용품,M,33,광주,2025-12
698,269,84,3,78000,234000,104,2025-12-06,completed,naver_pay,스포츠 상품 084,스포츠,M,33,광주,2025-12
699,270,36,1,126000,126000,30,2026-05-19,completed,naver_pay,도서 상품 036,도서,F,32,서울,2026-05
700,270,84,3,78000,234000,30,2026-05-19,completed,naver_pay,스포츠 상품 084,스포츠,F,32,서울,2026-05
701,271,11,3,115000,345000,84,2025-11-06,refunded,bank_transfer,패션 상품 011,패션,F,21,성남,2025-11
702,271,86,2,86000,172000,84,2025-11-06,refunded,bank_transfer,패션 상품 086,패션,F,21,성남,2025-11
703,271,7,4,142000,568000,84,2025-11-06,refunded,bank_transfer,도서 상품 007,도서,F,21,성남,2025-11
704,272,93,2,89000,178000,118,2026-08-28,completed,kakao_pay,전자기기 상품 093,전자기기,F,35,광주,2026-08
705,272,55,1,107000,107000,118,2026-08-28,completed,kakao_pay,전자기기 상품 055,전자기기,F,35,광주,2026-08
706,272,91,1,59000,59000,118,2026-08-28,completed,kakao_pay,스포츠 상품 091,스포츠,F,35,광주,2026-08
707,273,28,4,5000,20000,112,2025-12-22,completed,card,뷰티 상품 028,뷰티,F,46,성남,2025-12
708,274,17,5,84000,420000,112,2026-07-28,refunded,naver_pay,도서 상품 017,도서,F,46,성남,2026-07
709,275,67,4,123000,492000,21,2025-11-04,completed,naver_pay,뷰티 상품 067,뷰티,M,23,인천,2025-11
710,275,2,1,34000,34000,21,2025-11-04,completed,naver_pay,도서 상품 002,도서,M,23,인천,2025-11
711,276,16,4,81000,324000,87,2025-10-07,completed,bank_transfer,스포츠 상품 016,스포츠,M,31,울산,2025-10
712,276,89,2,103000,206000,87,2025-10-07,completed,bank_transfer,생활용품 상품 089,생활용품,M,31,울산,2025-10
713,276,62,1,183000,183000,87,2025-10-07,completed,bank_transfer,뷰티 상품 062,뷰티,M,31,울산,2025-10
714,277,50,1,23000,23000,44,2025-10-03,refunded,card,뷰티 상품 050,뷰티,M,51,광주,2025-10
715,277,94,1,124000,124000,44,2025-10-03,refunded,card,도서 상품 094,도서,M,51,광주,2025-10
716,278,41,3,163000,489000,30,2025-11-13,completed,bank_transfer,스포츠 상품 041,스포츠,F,32,서울,2025-11
717,279,18,4,109000,436000,90,2026-07-14,completed,bank_transfer,스포츠 상품 018,스포츠,M,36,울산,2026-07
718,279,100,2,102000,204000,90,2026-07-14,completed,bank_transfer,도서 상품 100,도서,M,36,울산,2026-07
719,279,83,2,24000,48000,90,2026-07-14,completed,bank_transfer,전자기기 상품 083,전자기기,M,36,울산,2026-07
720,280,68,5,140000,700000,27,2026-01-07,completed,bank_transfer,스포츠 상품 068,스포츠,F,28,수원,2026-01
721,281,79,2,168000,336000,51,2026-04-29,refunded,bank_transfer,뷰티 상품 079,뷰티,F,27,대전,2026-04
722,282,45,2,62000,124000,40,2026-06-27,completed,card,패션 상품 045,패션,M,23,서울,2026-06
723,282,81,2,165000,330000,40,2026-06-27,completed,card,전자기기 상품 081,전자기기,M,23,서울,2026-06
724,282,53,5,188000,940000,40,2026-06-27,completed,card,생활용품 상품 053,생활용품,M,23,서울,2026-06
725,282,88,4,43000,172000,40,2026-06-27,completed,card,생활용품 상품 088,생활용품,M,23,서울,2026-06
726,283,12,1,175000,175000,127,2026-07-27,refunded,naver_pay,식품 상품 012,식품,F,22,대구,2026-07
727,283,18,1,109000,109000,127,2026-07-27,refunded,naver_pay,스포츠 상품 018,스포츠,F,22,대구,2026-07
728,284,45,4,62000,248000,149,2026-04-19,refunded,naver_pay,패션 상품 045,패션,M,20,부산,2026-04
729,284,41,2,163000,326000,149,2026-04-19,refunded,naver_pay,스포츠 상품 041,스포츠,M,20,부산,2026-04
730,284,32,3,172000,516000,149,2026-04-19,refunded,naver_pay,도서 상품 032,도서,M,20,부산,2026-04
731,284,83,1,24000,24000,149,2026-04-19,refunded,naver_pay,전자기기 상품 083,전자기기,M,20,부산,2026-04
732,285,71,5,161000,805000,83,2026-09-02,completed,kakao_pay,전자기기 상품 071,전자기기,F,22,수원,2026-09
733,285,77,5,71000,355000,83,2026-09-02,completed,kakao_pay,전자기기 상품 077,전자기기,F,22,수원,2026-09
734,286,100,1,102000,102000,113,2025-12-31,cancelled,card,도서 상품 100,도서,M,57,성남,2025-12
735,286,85,3,74000,222000,113,2025-12-31,cancelled,card,생활용품 상품 085,생활용품,M,57,성남,2025-12
736,286,27,5,145000,725000,113,2025-12-31,cancelled,card,전자기기 상품 027,전자기기,M,57,성남,2025-12
737,287,96,4,112000,448000,114,2026-02-27,completed,kakao_pay,생활용품 상품 096,생활용품,F,60,성남,2026-02
738,287,38,1,173000,173000,114,2026-02-27,completed,kakao_pay,생활용품 상품 038,생활용품,F,60,성남,2026-02
739,288,64,4,147000,588000,15,2025-10-28,refunded,kakao_pay,식품 상품 064,식품,M,69,서울,2025-10
740,288,15,2,36000,72000,15,2025-10-28,refunded,kakao_pay,뷰티 상품 015,뷰티,M,69,서울,2025-10
741,289,82,5,75000,375000,19,2026-03-11,cancelled,kakao_pay,생활용품 상품 082,생활용품,M,54,인천,2026-03
742,289,10,5,55000,275000,19,2026-03-11,cancelled,kakao_pay,스포츠 상품 010,스포츠,M,54,인천,2026-03
743,289,2,3,34000,102000,19,2026-03-11,cancelled,kakao_pay,도서 상품 002,도서,M,54,인천,2026-03
744,289,41,2,163000,326000,19,2026-03-11,cancelled,kakao_pay,스포츠 상품 041,스포츠,M,54,인천,2026-03
745,290,73,4,114000,456000,116,2026-06-04,completed,card,도서 상품 073,도서,F,34,부산,2026-06
746,290,47,5,11000,55000,116,2026-06-04,completed,card,생활용품 상품 047,생활용품,F,34,부산,2026-06
747,290,88,2,43000,86000,116,2026-06-04,completed,card,생활용품 상품 088,생활용품,F,34,부산,2026-06
748,290,98,4,10000,40000,116,2026-06-04,completed,card,스포츠 상품 098,스포츠,F,34,부산,2026-06
749,291,3,5,152000,760000,95,2026-01-06,completed,kakao_pay,전자기기 상품 003,전자기기,M,50,성남,2026-01
750,292,2,3,34000,102000,24,2026-06-08,cancelled,naver_pay,도서 상품 002,도서,F,41,대전,2026-06
751,293,6,1,5000,5000,149,2026-02-13,cancelled,card,전자기기 상품 006,전자기기,M,20,부산,2026-02
752,293,51,5,111000,555000,149,2026-02-13,cancelled,card,전자기기 상품 051,전자기기,M,20,부산,2026-02
753,294,81,5,165000,825000,147,2025-12-24,completed,bank_transfer,전자기기 상품 081,전자기기,M,19,부산,2025-12
754,294,99,4,200000,800000,147,2025-12-24,completed,bank_transfer,뷰티 상품 099,뷰티,M,19,부산,2025-12
755,294,55,4,107000,428000,147,2025-12-24,completed,bank_transfer,전자기기 상품 055,전자기기,M,19,부산,2025-12
756,295,82,5,75000,375000,122,2026-03-23,completed,bank_transfer,생활용품 상품 082,생활용품,F,58,울산,2026-03
757,296,36,1,126000,126000,116,2026-04-07,completed,card,도서 상품 036,도서,F,34,부산,2026-04
758,296,40,1,174000,174000,116,2026-04-07,completed,card,도서 상품 040,도서,F,34,부산,2026-04
759,297,20,5,80000,400000,22,2026-03-20,completed,bank_transfer,스포츠 상품 020,스포츠,F,42,광주,2026-03
760,297,42,4,28000,112000,22,2026-03-20,completed,bank_transfer,패션 상품 042,패션,F,42,광주,2026-03
761,298,40,4,174000,696000,64,2026-02-27,cancelled,naver_pay,도서 상품 040,도서,M,51,수원,2026-02
762,299,8,2,189000,378000,135,2025-10-11,completed,bank_transfer,스포츠 상품 008,스포츠,F,28,대구,2025-10
763,299,12,4,175000,700000,135,2025-10-11,completed,bank_transfer,식품 상품 012,식품,F,28,대구,2025-10
764,300,59,5,32000,160000,96,2026-04-30,cancelled,kakao_pay,뷰티 상품 059,뷰티,F,21,성남,2026-04
