order_id,order_date,order_month_num,order_dayofweek,age,payment_method,gender,city,actual_order_total,predicted_order_total,residual,abs_error,baseline_abs_error
153,2026-06-11,6,3,65,bank_transfer,M,고양,172000,882230.0,-710230.0,710230.0,685088.0
248,2026-06-11,6,3,22,naver_pay,F,성남,55000,811100.0,-756100.0,756100.0,802088.0
24,2026-06-11,6,3,35,card,M,성남,881000,811920.0,69080.0,69080.0,23912.0
93,2026-06-13,6,5,23,card,M,인천,1317000,747740.0,569260.0,569260.0,459912.0
84,2026-06-16,6,1,65,card,F,성남,1423000,981680.0,441320.0,441320.0,565912.0
124,2026-06-17,6,2,37,kakao_pay,F,대전,1261000,662090.0,598910.0,598910.0,403912.0
138,2026-06-18,6,3,34,kakao_pay,M,서울,1119000,533540.0,585460.0,585460.0,261912.0
41,2026-06-20,6,5,36,naver_pay,F,울산,1059000,603240.0,455760.0,455760.0,201912.0
28,2026-06-21,6,6,43,card,M,광주,306000,1002350.0,-696350.0,696350.0,551088.0
135,2026-06-23,6,1,57,card,M,성남,560000,878040.0,-318040.0,318040.0,297088.0
223,2026-06-24,6,2,37,naver_pay,F,대전,681000,671450.0,9550.0,9550.0,176088.0
128,2026-06-25,6,3,44,naver_pay,F,수원,932000,1220100.0,-288100.0,288100.0,74912.0
113,2026-06-26,6,4,28,card,M,수원,602000,765510.0,-163510.0,163510.0,255088.0
282,2026-06-27,6,5,23,card,M,서울,1566000,667200.0,898800.0,898800.0,708912.0
54,2026-06-28,6,6,33,bank_transfer,F,인천,412000,794650.0,-382650.0,382650.0,445088.0
165,2026-06-29,6,0,41,kakao_pay,F,고양,1231000,818780.0,412220.0,412220.0,373912.0
88,2026-07-01,7,2,52,bank_transfer,M,부산,772000,1105390.0,-333390.0,333390.0,85088.0
140,2026-07-02,7,3,68,naver_pay,M,울산,1034000,781610.0,252390.0,252390.0,176912.0
130,2026-07-03,7,4,19,naver_pay,M,부산,937000,1038980.0,-101980.0,101980.0,79912.0
201,2026-07-03,7,4,59,bank_transfer,M,성남,175000,837860.0,-662860.0,662860.0,682088.0
225,2026-07-03,7,4,34,bank_transfer,F,부산,1035000,747960.0,287040.0,287040.0,177912.0
36,2026-07-07,7,1,46,kakao_pay,F,성남,92000,738800.0,-646800.0,646800.0,765088.0
208,2026-07-08,7,2,31,bank_transfer,M,서울,558000,659160.0,-101160.0,101160.0,299088.0
1,2026-07-10,7,4,20,card,M,서울,1436000,662200.0,773800.0,773800.0,578912.0
258,2026-07-12,7,6,23,naver_pay,F,수원,910000,1024280.0,-114280.0,114280.0,52912.0
205,2026-07-14,7,1,55,bank_transfer,M,울산,355000,877990.0,-522990.0,522990.0,502088.0
96,2026-07-14,7,1,32,kakao_pay,F,성남,1690000,650860.0,1039140.0,1039140.0,832912.0
259,2026-07-14,7,1,69,card,M,서울,252000,655480.0,-403480.0,403480.0,605088.0
279,2026-07-14,7,1,36,bank_transfer,M,울산,688000,553680.0,134320.0,134320.0,169088.0
69,2026-07-16,7,3,53,card,M,서울,1187000,870680.0,316320.0,316320.0,329912.0
263,2026-07-19,7,6,41,bank_transfer,F,광주,694000,832100.0,-138100.0,138100.0,163088.0
33,2026-07-20,7,0,23,naver_pay,M,서울,504000,670680.0,-166680.0,166680.0,353088.0
194,2026-07-22,7,2,60,naver_pay,F,성남,257000,1074050.0,-817050.0,817050.0,600088.0
183,2026-07-26,7,6,22,kakao_pay,M,광주,1685000,930360.0,754640.0,754640.0,827912.0
15,2026-07-26,7,6,33,card,F,인천,1677000,871260.0,805740.0,805740.0,819912.0
40,2026-07-27,7,0,32,naver_pay,M,수원,738000,1019730.0,-281730.0,281730.0,119088.0
283,2026-07-27,7,0,22,naver_pay,F,대구,284000,807000.0,-523000.0,523000.0,573088.0
22,2026-07-28,7,1,39,kakao_pay,F,서울,854000,529650.0,324350.0,324350.0,3088.0
274,2026-07-28,7,1,46,naver_pay,F,성남,420000,834340.0,-414340.0,414340.0,437088.0
47,2026-07-29,7,2,53,naver_pay,M,서울,685000,1038330.0,-353330.0,353330.0,172088.0
145,2026-07-30,7,3,42,kakao_pay,M,고양,1863000,841890.0,1021110.0,1021110.0,1005912.0
13,2026-08-05,8,2,65,kakao_pay,F,성남,963000,824710.0,138290.0,138290.0,105912.0
45,2026-08-06,8,3,63,naver_pay,F,광주,308000,804990.0,-496990.0,496990.0,549088.0
63,2026-08-06,8,3,60,bank_transfer,F,울산,431000,766220.0,-335220.0,335220.0,426088.0
251,2026-08-09,8,6,23,bank_transfer,M,서울,1334000,718480.0,615520.0,615520.0,476912.0
180,2026-08-10,8,0,50,kakao_pay,M,성남,376000,711610.0,-335610.0,335610.0,481088.0
215,2026-08-10,8,0,66,kakao_pay,F,대전,1093000,725490.0,367510.0,367510.0,235912.0
164,2026-08-13,8,3,61,card,F,성남,1490000,861290.0,628710.0,628710.0,632912.0
168,2026-08-14,8,4,35,kakao_pay,M,대구,10000,879230.0,-869230.0,869230.0,847088.0
73,2026-08-17,8,0,47,bank_transfer,F,고양,72000,1138610.0,-1066610.0,1066610.0,785088.0
76,2026-08-17,8,0,61,card,M,성남,1671000,846990.0,824010.0,824010.0,813912.0
51,2026-08-18,8,1,32,kakao_pay,F,서울,1877000,458780.0,1418220.0,1418220.0,1019912.0
21,2026-08-22,8,5,59,bank_transfer,M,성남,1767000,797700.0,969300.0,969300.0,909912.0
212,2026-08-28,8,4,58,naver_pay,F,울산,359000,776180.0,-417180.0,417180.0,498088.0
272,2026-08-28,8,4,35,kakao_pay,F,광주,344000,878780.0,-534780.0,534780.0,513088.0
285,2026-09-02,9,2,22,kakao_pay,F,수원,1160000,964890.0,195110.0,195110.0,302912.0
34,2026-09-02,9,2,57,kakao_pay,M,대구,776000,802080.0,-26080.0,26080.0,81088.0
256,2026-09-03,9,3,41,card,F,광주,1265000,643800.0,621200.0,621200.0,407912.0
48,2026-09-07,9,0,41,kakao_pay,F,대전,923000,628930.0,294070.0,294070.0,65912.0
264,2026-09-07,9,0,61,bank_transfer,F,인천,102000,869920.0,-767920.0,767920.0,755088.0
179,2026-09-10,9,3,35,card,F,대구,86000,893810.0,-807810.0,807810.0,771088.0
