record_id,actual_is_cancelled,predicted_is_cancelled,cancel_probability,model,threshold
1,0,0,0.134,Logistic Regression,0.45
2,0,0,0.194,Logistic Regression,0.45
3,0,0,0.268,Logistic Regression,0.45
4,0,0,0.138,Logistic Regression,0.45
5,0,0,0.378,Logistic Regression,0.45
6,1,0,0.184,Logistic Regression,0.45
7,0,0,0.183,Logistic Regression,0.45
8,0,0,0.179,Logistic Regression,0.45
9,1,0,0.093,Logistic Regression,0.45
10,0,1,0.5,Logistic Regression,0.45
11,0,1,0.538,Logistic Regression,0.45
12,0,0,0.429,Logistic Regression,0.45
13,1,0,0.176,Logistic Regression,0.45
14,0,1,0.484,Logistic Regression,0.45
15,1,0,0.399,Logistic Regression,0.45
16,0,0,0.228,Logistic Regression,0.45
17,0,0,0.267,Logistic Regression,0.45
18,0,0,0.306,Logistic Regression,0.45
19,0,0,0.36,Logistic Regression,0.45
20,0,0,0.184,Logistic Regression,0.45
21,1,0,0.186,Logistic Regression,0.45
22,0,0,0.172,Logistic Regression,0.45
23,1,1,0.537,Logistic Regression,0.45
24,0,0,0.135,Logistic Regression,0.45
25,0,0,0.122,Logistic Regression,0.45
26,0,1,0.457,Logistic Regression,0.45
27,0,0,0.096,Logistic Regression,0.45
28,0,0,0.36,Logistic Regression,0.45
29,0,0,0.222,Logistic Regression,0.45
30,0,0,0.218,Logistic Regression,0.45
31,0,0,0.292,Logistic Regression,0.45
32,0,0,0.272,Logistic Regression,0.45
33,1,0,0.391,Logistic Regression,0.45
34,1,0,0.161,Logistic Regression,0.45
35,1,1,0.63,Logistic Regression,0.45
36,1,1,0.654,Logistic Regression,0.45
37,0,1,0.577,Logistic Regression,0.45
38,1,1,0.459,Logistic Regression,0.45
39,0,0,0.445,Logistic Regression,0.45
40,0,0,0.164,Logistic Regression,0.45
41,1,0,0.102,Logistic Regression,0.45
42,1,0,0.134,Logistic Regression,0.45
43,0,0,0.163,Logistic Regression,0.45
44,0,0,0.352,Logistic Regression,0.45
45,0,0,0.121,Logistic Regression,0.45
46,0,0,0.278,Logistic Regression,0.45
47,0,0,0.156,Logistic Regression,0.45
48,0,0,0.105,Logistic Regression,0.45
49,0,0,0.189,Logistic Regression,0.45
50,0,0,0.223,Logistic Regression,0.45
